"Gene","Accuracy","AUC","Sensitivity","Specificity","Precision","F1_Score","MCC"
"ybcS",1,0.5,0,1,0,0,0
"proV",1,0.5,0,1,0,0,0
"acrA",1,0.5,0,1,0,0,0
"evgS",0.96,0.5,0,0.96,0,0,0
"topA",1,0.5,0,1,0,0,0
"mrdA",0.88,0.5,0,0.88,0,0,0
"araJ",1,0.5,0,1,0,0,0
"pcnB",1,0.5,0,1,0,0,0
"thrA",1,0.5,0,1,0,0,0
"gyrA",1,1,1,1,1,1,1
"mrdB",0.88,0.5,0,0.88,0,0,0
"mokC.nhaA",1,0.5,0,1,0,0,0
"yaaH",1,0.5,0,1,0,0,0
"ybaL",0.88,0.5,0,0.88,0,0,0
"cls",0.92,0.958333333333333,1,0.916666666666667,0.333333333333333,0.5,0.552770798392567
"murE",1,0.5,0,1,0,0,0
"ompF.asnS",0.88,0.5,0,0.88,0,0,0
"ftsW",0.8,0.5,0,0.8,0,0,0
"dgt",1,0.5,0,1,0,0,0
"secF",0.96,0.791666666666667,0,1,0,0,0
"ECB_00212",0.88,0.5,0,0.88,0,0,0
"cyoA.ampG",0.96,0.958333333333333,0,1,0,0,0
"lon.hupB",1,0.5,0,1,0,0,0
"mraZ",1,0.5,0,1,0,0,0
"yahA",1,0.5,0,1,0,0,0
"fsr",1,0.5,0,1,0,0,0
"frmB",1,0.5,0,1,0,0,0
"ylaB",1,0.5,0,1,0,0,0
"nagD",1,0.5,0,1,0,0,0
"tig",0.8,0.5,0,0.8,0,0,0
"sbcC",1,0.5,0,1,0,0,0
"ykgE",1,0.5,0,1,0,0,0
"yahG",1,0.5,0,1,0,0,0
"polB",1,0.5,0,1,0,0,0
"kefC",1,0.5,0,1,0,0,0
"pdhR",1,0.5,0,1,0,0,0
"gltL",0.96,0.958333333333333,0,1,0,0,0
"dnaK",1,0.5,0,1,0,0,0
"hfq",0.76,0.5,0,0.76,0,0,0
"menD",1,0.5,0,1,0,0,0
"dnaJ",1,0.5,0,1,0,0,0
"lpxC",0.8,0.5,0,0.8,0,0,0
"hepA",0.96,0.5,0,0.96,0,0,0
"sgrR",1,0.5,0,1,0,0,0
"insL.1",1,0.5,0,1,0,0,0
"spoT",1,1,1,1,1,1,1
"yfbV.ackA",0.96,0.5,0,0.96,0,0,0
"ydcD",0.96,0.5,0,0.96,0,0,0
"mokB.trg",1,0.5,0,1,0,0,0
"rlmL",0.8,0.5,0,0.8,0,0,0
"glpK",1,0.5,0,1,0,0,0
"rpoS",0.88,0.714285714285714,0.75,0.904761904761905,0.6,0.666666666666667,0.600099198148979
"mdtG.lpxL",1,0.5,0,1,0,0,0
"mglO",0.92,0.954545454545455,1,0.909090909090909,0.6,0.75,0.738548945875996
"rpoA",0.8,0.5,0,0.8,0,0,0
"proX",0.8,0.5,0,0.8,0,0,0
"COG0428",0.8,0.5,0,0.8,0,0,0
"miaA.hfq",0.96,0.625,0,1,0,0,0
"lpxM",0.8,0.5,0,0.8,0,0,0
"yecC",0.8,0.5,0,0.8,0,0,0
"mglD",0.8,0.5,0,0.8,0,0,0
"can.yadG",0.8,0.5,0,0.8,0,0,0
"ycaQ",0.8,0.5,0,0.8,0,0,0
"csgD.csgB",0.96,0.5,0,0.96,0,0,0
"yciW",1,0.5,0,1,0,0,0
"araA",1,0.5,0,1,0,0,0
"acrB",0.92,0.956521739130435,1,0.91304347826087,0.5,0.666666666666667,0.675663924692176
"groL",1,0.5,0,1,0,0,0
"plsX",1,0.5,0,1,0,0,0
"fucO",1,0.5,0,1,0,0,0
"yoaA",1,0.5,0,1,0,0,0
"hflK",1,0.5,0,1,0,0,0
"aroA.ycaL",0.8,0.5,0,0.8,0,0,0
"ycdR",1,0.5,0,1,0,0,0
"uvrB",1,0.5,0,1,0,0,0
"nuoF",1,0.5,0,1,0,0,0
"gatZ",1,1,1,1,1,1,1
"srlR",0.92,0.5,0,0.92,0,0,0
"arcA",0.96,0.5,0,0.96,0,0,0
"yffN",0.96,0.5,0,0.96,0,0,0
"gatC",0.96,0.5,0,0.96,0,0,0
"ydaV",0.96,0.5,0,0.96,0,0,0
"garK",0.92,0.5,0,0.92,0,0,0
"rpoB",0.92,0.939393939393939,0.666666666666667,0.954545454545455,0.666666666666667,0.666666666666667,0.621212121212121
"udhA",1,0.5,0,1,0,0,0
"marR",0.88,1,1,0.869565217391304,0.4,0.571428571428572,0.589767824619589
"acrR",0.92,0.934782608695652,1,0.91304347826087,0.5,0.666666666666667,0.675663924692176
"fis",1,1,1,1,1,1,1
"manY",1,0.5,0,1,0,0,0
"kefC.folA",1,0.5,0,1,0,0,0
"polA",1,0.5,0,1,0,0,0
"pyrE.rph",0.92,0.95,0.6,1,1,0.75,0.738548945875996
"kdpD",1,1,1,1,1,1,1
"flu",0.96,0.5,0,0.96,0,0,0
"adiY",0.96,0.5,0,0.96,0,0,0
"rpoC",0.88,0.909090909090909,1,0.863636363636364,0.5,0.666666666666667,0.657128740672771
"cbpA",0.96,0.5,0,0.96,0,0,0
"lpxC.secM",0.96,0.5,0,0.96,0,0,0
"pykF",1,1,1,1,1,1,1
"rne",0.96,0.5,0,0.96,0,0,0
"ahpC",0.8,0.5,0,0.8,0,0,0
"clpX.lon",1,0.5,0,1,0,0,0
"fusA",1,0.5,0,1,0,0,0
"potD",1,0.5,0,1,0,0,0
"rph",0.84,0.847826086956522,0.5,0.869565217391304,0.25,0.333333333333333,0.273483017137309
"rplD",1,0.5,0,1,0,0,0
"rplB",0.96,0.916666666666667,0,1,0,0,0
"acrB.1",1,0.5,0,1,0,0,0
"ylbE",0.96,0.958333333333333,0,1,0,0,0
"fis.1",1,0.5,0,1,0,0,0
"folM",1,0.5,0,1,0,0,0
"acrR.1",0.96,0.5,0,0.96,0,0,0
"ompF",1,1,1,1,1,1,1
"ompF.1",1,0.5,0,1,0,0,0
"pgaA",1,0.5,0,1,0,0,0
"mprA",1,0.5,0,1,0,0,0
"gyrA.1",0.96,0.5,0,0.96,0,0,0
"ftsI",1,0.5,0,1,0,0,0
"ompR",1,0.5,0,1,0,0,0
"yaaJ",1,0.5,0,1,0,0,0
"folA",1,0.5,0,1,0,0,0
"fusA.1",0.96,0.5,0,0.96,0,0,0
"envZ",1,0.5,0,1,0,0,0
"rpsE",1,1,1,1,1,1,1
"cyoA",1,0.5,0,1,0,0,0
"dcp",1,0.5,0,1,0,0,0
"ylbE.1",1,0.5,0,1,0,0,0
"trkH",1,0.5,0,1,0,0,0
"atpD",0.96,0.5,0,0.96,0,0,0
"eutB",1,0.5,0,1,0,0,0
"atpG",0.96,0.5,0,0.96,0,0,0
"argS",0.96,0.5,0,0.96,0,0,0
"arnC",1,0.5,0,1,0,0,0
"nhaR",1,0.5,0,1,0,0,0
"ppsA",0.96,0.5,0,0.96,0,0,0
"crp",0.88,0.5,0,0.88,0,0,0
"relA",0.88,0.5,0,0.88,0,0,0
"nusA",0.92,0.958333333333333,1,0.916666666666667,0.333333333333333,0.5,0.552770798392567
"rho",0.88,0.91304347826087,0.5,0.91304347826087,0.333333333333333,0.4,0.344828154104298
"argR",0.92,0.5,0,0.92,0,0,0
"entD",1,0.5,0,1,0,0,0
"glpR",0.96,0.916666666666667,0,1,0,0,0
"ydhA",1,0.5,0,1,0,0,0
"ECB_02832",1,0.5,0,1,0,0,0
"ycdT",1,0.5,0,1,0,0,0
"dacA",1,0.5,0,1,0,0,0
"yddB",0.8,1,1,0.791666666666667,0.166666666666667,0.285714285714286,0.363241578628389
"yneE",0.76,0.5,0,0.76,0,0,0
"fabF",0.96,0.708333333333333,0,1,0,0,0
"proQ",0.96,0.5,0,0.96,0,0,0
"envZ.1",0.84,0.583333333333333,0,0.875,0,0,-0.0753778361444409
"acnB",0.96,0.5,0,0.96,0,0,0
"ybjG.mdfA",0.92,0.5,0,0.92,0,0,0
"yeeP.isrC",0.96,0.5,0,0.96,0,0,0
"ydeE",1,0.5,0,1,0,0,0
"ftsI.1",0.96,0.5,0,0.96,0,0,0
"rob",0.96,0.5,0,0.96,0,0,0
"xdhB",1,0.5,0,1,0,0,0
"mlaD",1,0.5,0,1,0,0,0
"rbsK",1,0.5,0,1,0,0,0
"parC",1,1,1,1,1,1,1
"hydN",1,0.5,0,1,0,0,0
"ompR.1",0.84,0.666666666666667,0,0.875,0,0,-0.0753778361444409
"ccmH",0.96,0.791666666666667,0,1,0,0,0
"cpxR",1,0.5,0,1,0,0,0
"ypjC",1,0.5,0,1,0,0,0
"yegQ",0.96,0.666666666666667,0,1,0,0,0
"tufB",1,0.5,0,1,0,0,0
"gtrS",0.96,0.5,0,0.96,0,0,0
"pgsA",1,0.5,0,1,0,0,0
"phoQ",0.8,0.5,0,0.8,0,0,0
"ynfL",1,0.5,0,1,0,0,0
"nagC",0.96,0.5,0,0.96,0,0,0
"yedW.yedX",1,0.5,0,1,0,0,0
"rbsA",1,0.5,0,1,0,0,0
"ldrC",1,0.5,0,1,0,0,0
"yabN",1,0.5,0,1,0,0,0
"ykgK.ykgL",1,0.5,0,1,0,0,0
"yaaH.yaaW",1,0.5,0,1,0,0,0
"ECB_01992",0.92,0.958333333333333,1,0.916666666666667,0.333333333333333,0.5,0.552770798392567
"mdoG",0.96,0.958333333333333,0,1,0,0,0
"mreC",1,0.5,0,1,0,0,0
"sbmA",0.96,0.5,0,0.96,0,0,0
"ECB_00825",1,0.5,0,1,0,0,0
"tesB.ybaY",1,0.5,0,1,0,0,0
"cpsG",0.92,0.958333333333333,1,0.916666666666667,0.333333333333333,0.5,0.552770798392567
"rssB",0.88,0.5,0,0.88,0,0,0
"ybhI",0.88,0.5,0,0.88,0,0,0
"rluB",1,0.5,0,1,0,0,0
"dnaX",1,0.5,0,1,0,0,0
"ylbH",0.96,0.5,0,0.96,0,0,0
"sucB",1,0.5,0,1,0,0,0
"rpsA",0.84,1,1,0.833333333333333,0.2,0.333333333333333,0.408248290463863
"yccE",1,0.5,0,1,0,0,0
"gabD",1,0.5,0,1,0,0,0
"rbs",1,1,1,1,1,1,1
"ynjD",1,0.5,0,1,0,0,0
"yceA",1,0.5,0,1,0,0,0
"ycfH.ptsG",0.96,0.5,0,0.96,0,0,0
"rna",1,0.5,0,1,0,0,0
"galS",0.8,0.5,0,0.8,0,0,0
"ptsP",1,0.5,0,1,0,0,0
"rssA.rssB",0.8,0.5,0,0.8,0,0,0
"yejM",0.76,0.608695652173913,0.5,0.782608695652174,0.166666666666667,0.25,0.179519657416485
"slyD",0.8,0.5,0,0.8,0,0,0
"fnr.insH",0.8,0.5,0,0.8,0,0,0
"mfd",0.76,0.5,0,0.76,0,0,0
"metL",1,0.5,0,1,0,0,0
"gyrB",1,1,1,1,1,1,1
"secA",0.96,0.5,0,0.96,0,0,0
"hybB",1,0.5,0,1,0,0,0
"mdh",1,0.5,0,1,0,0,0
"hrpA",1,0.5,0,1,0,0,0
"prpR",0.96,0.5,0,0.96,0,0,0
"aroP",1,0.5,0,1,0,0,0
"ybeB",1,0.5,0,1,0,0,0
"ymdC",0.96,0.5,0,0.96,0,0,0
"ynjI",1,0.5,0,1,0,0,0
"dcuB.dcuR",0.96,0.5,0,0.96,0,0,0
"focA.ycaO",1,1,1,1,1,1,1
"gatA",0.96,0.5,0,0.96,0,0,0
"gatY.fbaB",0.88,0.958333333333333,1,0.875,0.25,0.4,0.467707173346743
"pntB",1,0.5,0,1,0,0,0
"fruK",0.88,0.5,0,0.88,0,0,0
"isrC",0.92,0.5,0,0.92,0,0,0
"cmr",0.96,0.5,0,0.96,0,0,0
"yedX",1,0.5,0,1,0,0,0
"pgaB",1,0.5,0,1,0,0,0
"yfgF",1,0.5,0,1,0,0,0
"hns.tdk",0.96,0.5,0,0.96,0,0,0
"yfbM",1,0.5,0,1,0,0,0
"dgsA",0.96,1,1,0.958333333333333,0.5,0.666666666666667,0.692218655243173
"fucI",0.96,0.5,0,0.96,0,0,0
"ftsX",0.96,0.5,0,0.96,0,0,0
"msbA",0.96,0.5,0,0.96,0,0,0
"mhpB",0.96,0.5,0,0.96,0,0,0
"wzzE",1,1,1,1,1,1,1
"ogrK",1,0.5,0,1,0,0,0
"nudE.yrfF",1,0.5,0,1,0,0,0
"potA",1,0.5,0,1,0,0,0
"wzc",1,0.5,0,1,0,0,0
"folP",1,0.5,0,1,0,0,0
"marR.1",0.96,0.5,0,0.96,0,0,0
"envR",1,0.5,0,1,0,0,0
"ydgI",1,0.5,0,1,0,0,0
"insK.glyS",0.88,0.5,0,0.88,0,0,0
"yaiT",0.96,0.5,0,0.96,0,0,0
"rpsL",1,0.5,0,1,0,0,0
"arcB",1,0.5,0,1,0,0,0
"ispF",1,0.5,0,1,0,0,0
"cyoB",1,0.5,0,1,0,0,0
"fliC",1,0.5,0,1,0,0,0
"cpxA",1,0.5,0,1,0,0,0
"hemA",1,0.5,0,1,0,0,0
"ispA",1,0.5,0,1,0,0,0
"thiQ",0.8,0.5,0,0.8,0,0,0
"cyaA",0.8,0.5,0,0.8,0,0,0
"kdtA",1,1,1,1,1,1,1
"pdxB",0.72,0.5,0,0.72,0,0,0
"acpP",1,0.5,0,1,0,0,0
"feoA",1,1,1,1,1,1,1
"flhD",1,0.5,0,1,0,0,0
"lldR",1,0.5,0,1,0,0,0
"nadR",1,1,1,1,1,1,1
"ilvB",0.96,0.5,0,0.96,0,0,0
"purF",0.96,0.5,0,0.96,0,0,0
"pitA",0.96,0.5,0,0.96,0,0,0
"yifN.ppiC",0.96,0.9375,0,1,0,0,0
"alaS",0.96,0.5,0,0.96,0,0,0
"ycjF",0.76,0.708333333333333,0,0.791666666666667,0,0,-0.102062072615966
"soxR",0.92,0.5,0,0.92,0,0,0
"ycbZ",0.96,1,0,1,0,0,0
"yjjK",0.96,0.5,0,0.96,0,0,0
"dcd",0.96,0.5,0,0.96,0,0,0
"yfiE",1,0.5,0,1,0,0,0
"rplF",1,0.5,0,1,0,0,0
"rpoD",0.84,1,1,0.833333333333333,0.2,0.333333333333333,0.408248290463863
"rimK.ybjN",1,0.5,0,1,0,0,0
"mprA.1",0.96,0.75,0,1,0,0,0
"nfsB",1,0.5,0,1,0,0,0
"ybhF",1,0.5,0,1,0,0,0
"emrB",1,0.5,0,1,0,0,0
"ybbA",1,0.5,0,1,0,0,0
"tsf",1,0.5,0,1,0,0,0
"atpA",0.96,0.5,0,0.96,0,0,0
"marC",1,0.5,0,1,0,0,0
"yjjM",0.8,0.5,0,0.8,0,0,0
"insL.lon",1,0.5,0,1,0,0,0
"ybcQ",1,0.5,0,1,0,0,0
"insL.2.lon",1,0.5,0,1,0,0,0
"setA",1,0.5,0,1,0,0,0
"insB.1",1,0.5,0,1,0,0,0
"ECB_01996",1,0.5,0,1,0,0,0
"pflA.pflB",1,0.5,0,1,0,0,0
"ybiW",1,0.5,0,1,0,0,0
"ynjA",1,0.5,0,1,0,0,0
"ogrK.ECB_02013",0.88,0.5,0,0.88,0,0,0
"entF",1,0.5,0,1,0,0,0
"thrS",1,0.5,0,1,0,0,0
"ECB_01513.ECB_01523",0.96,0.958333333333333,0,1,0,0,0
"gspF",1,0.5,0,1,0,0,0
"hokE",1,0.5,0,1,0,0,0
"pta",0.88,0.5,0,0.88,0,0,0
"ECB_00736.ECB_00737",1,0.5,0,1,0,0,0
"nth.ydgR",1,0.5,0,1,0,0,0
"puuP",1,0.5,0,1,0,0,0
"hyfG",1,0.5,0,1,0,0,0
"ydcU",1,0.5,0,1,0,0,0
"ybeA",1,0.5,0,1,0,0,0
"ybjE",1,0.5,0,1,0,0,0
"ECB_01413",1,0.5,0,1,0,0,0
"ydiJ",1,0.5,0,1,0,0,0
"murD",1,0.5,0,1,0,0,0
"valS",0.96,0.833333333333333,0,1,0,0,0
"bamA",1,0.5,0,1,0,0,0
"cusA",1,0.5,0,1,0,0,0
"proA",1,0.5,0,1,0,0,0
"yagR",1,0.5,0,1,0,0,0
"ptsG",0.8,0.5,0,0.8,0,0,0
"ytfT",0.96,0.958333333333333,0,1,0,0,0
"serB",0.96,0.5,0,0.96,0,0,0
"dapF",1,0.5,0,1,0,0,0
"sapB",0.8,0.5,0,0.8,0,0,0
"malT",0.84,0.636363636363636,0.666666666666667,0.863636363636364,0.4,0.5,0.430820218427665
"fhlA",0.8,0.5,0,0.8,0,0,0
"holE",0.8,0.5,0,0.8,0,0,0
"frvB",0.8,0.5,0,0.8,0,0,0
"yfgO",0.96,0.5,0,0.96,0,0,0
"rrlD",1,0.5,0,1,0,0,0
"tpx",1,0.5,0,1,0,0,0
"atoS",1,0.5,0,1,0,0,0
"pntA",0.96,0.5,0,0.96,0,0,0
"ispU",1,0.5,0,1,0,0,0
"htrE",1,0.5,0,1,0,0,0
"corA",1,0.5,0,1,0,0,0
"ygeW",1,0.5,0,1,0,0,0
"prpE.codB",1,0.5,0,1,0,0,0
"gcd",1,0.5,0,1,0,0,0
"ygiC",1,0.5,0,1,0,0,0
"ycaL",1,0.5,0,1,0,0,0
"treA",0.96,0.5,0,0.96,0,0,0
"spr",0.92,0.5,0,0.92,0,0,0
"ygaH.mprA",1,1,1,1,1,1,1
"yiaW",1,0.5,0,1,0,0,0
"yhdJ",1,0.5,0,1,0,0,0
"trkH.1",0.96,0.5,0,0.96,0,0,0
"clcB",1,0.5,0,1,0,0,0
"folM.1",1,0.5,0,1,0,0,0
"pepT",1,0.5,0,1,0,0,0
"yaiV",0.96,0.5,0,0.96,0,0,0
"eptB",0.8,0.5,0,0.8,0,0,0
"iscR",1,0.5,0,1,0,0,0
"fimD",1,0.5,0,1,0,0,0
"hybF",1,0.5,0,1,0,0,0
"leuS",1,0.5,0,1,0,0,0
"mdtO",1,0.5,0,1,0,0,0
"gntK",1,0.5,0,1,0,0,0
"ykfH",1,0.5,0,1,0,0,0
"bglJ",1,0.5,0,1,0,0,0
"nadB",0.96,0.958333333333333,0,1,0,0,0
"ilvG_1",0.96,0.5,0,0.96,0,0,0
"ydjO",1,0.5,0,1,0,0,0
"infC",1,0.5,0,1,0,0,0
"fepA.fes",0.76,0.5,0,0.76,0,0,0
"mreB",0.88,0.5,0,0.88,0,0,0
"metA.aceB",1,0.5,0,1,0,0,0
"pyrB",1,0.5,0,1,0,0,0
"ompC",0.96,0.5,0,0.96,0,0,0
"rhlB",0.96,0.958333333333333,0,1,0,0,0
"narG",0.92,0.5,0,0.92,0,0,0
"rpsL.1",0.96,0.916666666666667,0,1,0,0,0
"yaeH",1,0.5,0,1,0,0,0
"yffS",0.96,0.5,0,0.96,0,0,0
"yabP",1,0.5,0,1,0,0,0
"parE",0.96,0.833333333333333,0,1,0,0,0
"kbaY",1,0.5,0,1,0,0,0
"ygbE",1,0.5,0,1,0,0,0
"carB",1,0.5,0,1,0,0,0
"yghA",1,0.5,0,1,0,0,0
"rhsB",0.96,0.5,0,0.96,0,0,0
"yegI",1,0.5,0,1,0,0,0
"yghJ",1,0.5,0,1,0,0,0
"fadE",1,0.5,0,1,0,0,0
"leuA",1,0.5,0,1,0,0,0
"tilS.rof",1,0.5,0,1,0,0,0
"motB",1,0.5,0,1,0,0,0
"vacJ",1,0.5,0,1,0,0,0
"gltI",1,0.5,0,1,0,0,0
"ycbS",0.8,0.5,0,0.8,0,0,0
"glgP",0.96,0.978260869565217,1,0.956521739130435,0.666666666666667,0.8,0.798549409504691
"yehU",0.88,0.5,0,0.88,0,0,0
"pitB",1,0.5,0,1,0,0,0
"kpsD",0.88,0.5,0,0.88,0,0,0
"yeeN.asnW",0.88,0.5,0,0.88,0,0,0
"aspC.ompF",0.84,0.5,0,0.84,0,0,0
"pck",1,0.5,0,1,0,0,0
"ECB_02798",1,0.5,0,1,0,0,0
"wbbD",1,0.5,0,1,0,0,0
"ECB_02821",1,0.5,0,1,0,0,0
"flhA",1,0.5,0,1,0,0,0
"manZ",0.96,0.5,0,0.96,0,0,0
"ydgR",1,0.5,0,1,0,0,0
"ydbD",1,0.5,0,1,0,0,0
"yfhK",1,0.5,0,1,0,0,0
"yigE.corA",1,0.5,0,1,0,0,0
"acrD.yffB",1,0.5,0,1,0,0,0
"dnaG.rpoD",0.88,0.5,0,0.88,0,0,0
"infB",0.88,0.5,0,0.88,0,0,0
"ydeJ",1,0.5,0,1,0,0,0
"ECB_02003",1,0.5,0,1,0,0,0
"yeeJ",1,0.5,0,1,0,0,0
"ppk",1,0.5,0,1,0,0,0
"ansP.yncG",1,0.5,0,1,0,0,0
"yneH",1,0.5,0,1,0,0,0
"ybbP",1,0.5,0,1,0,0,0
"aroL",0.8,0.5,0,0.8,0,0,0
"ftsK",0.8,0.5,0,0.8,0,0,0
"eutA",0.8,0.5,0,0.8,0,0,0
"ihfA",0.8,0.5,0,0.8,0,0,0
"fepE",0.96,0.5,0,0.96,0,0,0
"ravA",1,0.5,0,1,0,0,0
"iscU",1,0.5,0,1,0,0,0
"oxyR",1,0.5,0,1,0,0,0
"fabR",1,0.5,0,1,0,0,0
"ygbM",1,0.5,0,1,0,0,0
"ynaI",0.96,1,0,1,0,0,0
"rep",1,0.5,0,1,0,0,0
"bipA",1,0.5,0,1,0,0,0
"rplD.1",0.92,0.5,0,0.92,0,0,0
"ydeK",1,0.5,0,1,0,0,0
"yfjL.yfjM",0.96,0.5,0,0.96,0,0,0
"ygaZ",0.96,0.5,0,0.96,0,0,0
"matA.ykgL",1,0.5,0,1,0,0,0
"yeeL_2",1,0.5,0,1,0,0,0
"waaK",1,0.5,0,1,0,0,0
"psaA",1,0.5,0,1,0,0,0
"typA",0.96,0.5,0,1,0,0,0
"iap",1,0.5,0,1,0,0,0
"putA",1,0.5,0,1,0,0,0
"rpsJ",1,1,1,1,1,1,1
"mppA",0.92,0.875,0,0.958333333333333,0,0,-0.0416666666666667
"rlmE",0.96,0.5,0,0.96,0,0,0
"yejM.proL",1,1,1,1,1,1,1
"aldA",0.96,0.5,0,0.96,0,0,0
"barA",0.96,0.5,0,0.96,0,0,0
"atpB",1,0.5,0,1,0,0,0
"ydgC",0.96,0.5,0,0.96,0,0,0
"nmpC",1,0.5,0,1,0,0,0
"ampH",0.96,0.5,0,0.96,0,0,0
"narZ",1,0.5,0,1,0,0,0
"yjjA",1,0.5,0,1,0,0,0
"kgtP",1,0.5,0,1,0,0,0
"purE.lpxH",1,0.5,0,1,0,0,0
"csdA",0.96,0.541666666666667,0,1,0,0,0
"opgH",1,0.5,0,1,0,0,0
"dacB",1,0.5,0,1,0,0,0
"rapA",0.96,0.875,0,1,0,0,0
"arpB",1,0.5,0,1,0,0,0
"rpsF",1,0.5,0,1,0,0,0
"phoP",1,0.5,0,1,0,0,0
"yhhH",1,0.5,0,1,0,0,0
"glmU.atpC",1,0.5,0,1,0,0,0
"yhdG.fis",1,0.5,0,1,0,0,0
"caiA",1,0.5,0,1,0,0,0
"fadL",0.96,0.5,0,0.96,0,0,0
"phoH",1,0.5,0,1,0,0,0
"glnD",1,0.5,0,1,0,0,0
"yaeL",1,0.5,0,1,0,0,0
"yabN.setA",1,0.5,0,1,0,0,0
"ddl",1,0.5,0,1,0,0,0
"yecP",1,0.5,0,1,0,0,0
"tldD",1,0.5,0,1,0,0,0
"ECB_02008",1,0.5,0,1,0,0,0
"ebgA",1,0.5,0,1,0,0,0
"mntH.nupC",1,0.5,0,1,0,0,0
"sufD",1,0.5,0,1,0,0,0
"manX",1,0.5,0,1,0,0,0
"sdaC",1,0.5,0,1,0,0,0
"glpT",0.88,0.5,0,0.88,0,0,0
"truB",1,0.5,0,1,0,0,0
"pbpG",1,0.5,0,1,0,0,0
"glpG",0.88,0.5,0,0.88,0,0,0
"glpF",0.88,0.91304347826087,0.5,0.91304347826087,0.333333333333333,0.4,0.344828154104298
"rpoH",1,0.5,0,1,0,0,0
"znuA",1,0.5,0,1,0,0,0
"ECB_02804",1,0.5,0,1,0,0,0
"dinG",0.8,0.5,0,0.8,0,0,0
"atoC",0.88,0.5,0,0.88,0,0,0
"yejA",1,0.5,0,1,0,0,0
"iclR",0.92,0.958333333333333,1,0.916666666666667,0.333333333333333,0.5,0.552770798392567
"deaD",0.96,0.5,0,0.96,0,0,0
"crr",1,0.5,0,1,0,0,0
"dhaM",1,0.5,0,1,0,0,0
"recO",0.8,0.5,0,0.8,0,0,0
"yeaH",0.8,0.5,0,0.8,0,0,0
"cobB",0.76,0.5,0,0.76,0,0,0
"ybdN",0.8,0.5,0,0.8,0,0,0
"lsrD",0.8,0.5,0,0.8,0,0,0
"nth.tppB",0.76,0.5,0,0.76,0,0,0
"rhtA",0.8,0.5,0,0.8,0,0,0
"pgm",1,0.5,0,1,0,0,0
"glnE",1,0.5,0,1,0,0,0
"mioC",1,0.5,0,1,0,0,0
"uhpA",1,0.5,0,1,0,0,0
"uvrA",1,0.5,0,1,0,0,0
"uidA.uidR",1,0.5,0,1,0,0,0
"menC",1,0.5,0,1,0,0,0
"insB",1,0.5,0,1,0,0,0
"yobD",0.96,0.5,0,0.96,0,0,0
"clpA",1,0.5,0,1,0,0,0
"rffE",0.96,0.833333333333333,0,1,0,0,0
"adhP",1,0.5,0,1,0,0,0
"wcaA",0.96,0.5,0,0.96,0,0,0
"yeaR",1,0.5,0,1,0,0,0
"pgl",1,0.5,0,1,0,0,0
"ydfI",1,0.5,0,1,0,0,0
"yjhV.fecE",1,0.5,0,1,0,0,0
"mutT",1,0.5,0,1,0,0,0
"yhhZ",0.96,1,1,0.958333333333333,0.5,0.666666666666667,0.692218655243173
"ydhZ.pykF",0.96,0.5,0,0.96,0,0,0
"yhjK",1,0.5,0,1,0,0,0
"abgB",0.96,0.5,0,0.96,0,0,0
"rstA",1,0.5,0,1,0,0,0
"cra.mraZ",1,0.5,0,1,0,0,0
"mtlA",1,0.5,0,1,0,0,0
"nuoL",1,0.5,0,1,0,0,0
"ribD",1,0.5,0,1,0,0,0
"bglF",0.8,0.5,0,0.8,0,0,0
"ydcI",1,0.5,0,1,0,0,0
"galE",1,0.5,0,1,0,0,0
"idnO",1,0.5,0,1,0,0,0
"alr",0.96,0.5,0,0.96,0,0,0
"aroK",1,0.5,0,1,0,0,0
"pnp",0.96,0.875,0,1,0,0,0
"ahpF",1,0.5,0,1,0,0,0
"marA",1,0.5,0,1,0,0,0
"yrhC",1,0.5,0,1,0,0,0
"kup",1,0.5,0,1,0,0,0
"rpsM",1,0.5,0,1,0,0,0
"asnB",1,0.5,0,1,0,0,0
"yagU",1,0.5,0,1,0,0,0
"djlA",1,0.5,0,1,0,0,0
"nupC.yfeA",1,0.5,0,1,0,0,0
"fadH",0.8,0.5,0,0.8,0,0,0
"wzyE",0.96,0.958333333333333,0,1,0,0,0
"tktB",0.96,0.833333333333333,0,1,0,0,0
"yifB.ilvL",0.92,0.958333333333333,1,0.916666666666667,0.333333333333333,0.5,0.552770798392567
"glmS",1,0.5,0,1,0,0,0
"ppiA",0.96,0.875,0,1,0,0,0
"wbbC",1,0.5,0,1,0,0,0
"yqeA",1,0.5,0,1,0,0,0
"yfcI",0.96,0.791666666666667,0,1,0,0,0
"uspA",0.88,0.5,0,0.88,0,0,0
"dnaA",1,0.5,0,1,0,0,0
"ECB_02002",1,0.5,0,1,0,0,0
"yedW",1,0.5,0,1,0,0,0
"lysP",1,0.5,0,1,0,0,0
"yfeY",1,0.5,0,1,0,0,0
"ygcN",1,0.5,0,1,0,0,0
"tap",1,0.5,0,1,0,0,0
"dusB",0.88,0.5,0,0.88,0,0,0
"wcaI",1,0.5,0,1,0,0,0
"napA",1,0.5,0,1,0,0,0
"frmR.yaiO",0.96,0.5,0,0.96,0,0,0
"mreD",0.84,0.833333333333333,0,0.875,0,0,-0.0753778361444409
"prc",0.96,0.5,0,0.96,0,0,0
"endA",1,0.5,0,1,0,0,0
"murA",1,0.5,0,1,0,0,0
"trkG",1,0.5,0,1,0,0,0
"mdtJ",0.8,0.5,0,0.8,0,0,0
"ybeF",1,0.5,0,1,0,0,0
"ygeH",0.8,0.5,0,0.8,0,0,0
"modE",0.8,0.5,0,0.8,0,0,0
"fliF",0.8,0.5,0,0.8,0,0,0
"yehA",0.8,0.5,0,0.8,0,0,0
"manA",0.8,0.5,0,0.8,0,0,0
"lhr",1,0.5,0,1,0,0,0
"rhsC",1,0.5,0,1,0,0,0
"cadA",1,0.5,0,1,0,0,0
"ycfK",1,0.5,0,1,0,0,0
"ftsE",1,0.5,0,1,0,0,0
"kup.insJ.5",1,0.5,0,1,0,0,0
"rbsD",1,0.5,0,1,0,0,0
"rtcA",1,0.5,0,1,0,0,0
"rfe",1,0.5,0,1,0,0,0
"glgB",1,0.5,0,1,0,0,0
"yqeG",0.96,0.5,0,0.96,0,0,0
"yjiV",1,0.5,0,1,0,0,0
"mgtA",1,0.5,0,1,0,0,0
"flgK",1,0.5,0,1,0,0,0
"acs.nrfA",1,1,1,1,1,1,1
"nagA",0.96,0.5,0,0.96,0,0,0
"panB",0.96,0.5,0,0.96,0,0,0
"yeaG",0.96,0.5,0,0.96,0,0,0
"rstB",1,0.5,0,1,0,0,0
"thiP",1,0.5,0,1,0,0,0
"yaiW",0.96,0.5,0,0.96,0,0,0
"oppF",1,0.5,0,1,0,0,0
"nuoI",1,0.5,0,1,0,0,0
"yjbM",1,0.5,0,1,0,0,0
"amiD",1,0.5,0,1,0,0,0
"mipA",1,0.5,0,1,0,0,0
"fepA",1,0.5,0,1,0,0,0
"yhhI",1,0.5,0,1,0,0,0
"nirC",1,0.5,0,1,0,0,0
"narI.ychS",1,0.5,0,1,0,0,0
"ybjN.potF",1,0.5,0,1,0,0,0
"ytfN",1,0.5,0,1,0,0,0
"greA.dacB",1,0.5,0,1,0,0,0
"glgC",0.88,0.5,0,0.88,0,0,0
"ECB_01999",1,0.5,0,1,0,0,0
"gor",1,0.5,0,1,0,0,0
"rrlB",1,0.5,0,1,0,0,0
"metH",1,0.5,0,1,0,0,0
"amn.yeeN",1,0.5,0,1,0,0,0
"proW",1,0.5,0,1,0,0,0
"yraL",0.88,0.5,0,0.88,0,0,0
"yggG",1,0.5,0,1,0,0,0
"speB",1,0.5,0,1,0,0,0
"ygfK",0.8,0.5,0,0.8,0,0,0
"dctA.yhjK",0.88,0.5,0,0.88,0,0,0
"gltB",0.8,0.5,0,0.8,0,0,0
"nuoM",1,0.5,0,1,0,0,0
"uraA",1,0.5,0,1,0,0,0
"glgA",1,0.5,0,1,0,0,0
"gspG",1,0.5,0,1,0,0,0
"yhiO.uspA",0.88,0.5,0,0.88,0,0,0
"ECB_02512",1,0.5,0,1,0,0,0
"yhiM.yhiN",1,0.5,0,1,0,0,0
"fhuA",1,0.5,0,1,0,0,0
"emrD",0.76,0.5,0,0.76,0,0,0
"ydgJ",0.8,0.5,0,0.8,0,0,0
"bcsC",0.8,0.5,0,0.8,0,0,0
"glnS.ybfM",0.8,0.5,0,0.8,0,0,0
"ycbV",0.8,0.5,0,0.8,0,0,0
"guaB",0.8,0.5,0,0.8,0,0,0
"yeaN",0.8,0.5,0,0.8,0,0,0
"cydB",1,0.5,0,1,0,0,0
"rpsB",1,0.5,0,1,0,0,0
"hscA",1,0.5,0,1,0,0,0
"fxsA",1,0.5,0,1,0,0,0
"abrB",1,0.5,0,1,0,0,0
"citG",1,0.5,0,1,0,0,0
"potC",1,0.5,0,1,0,0,0
"ibpB.yidE",1,1,1,1,1,1,1
"yjiK",0.96,0.5,0,0.96,0,0,0
"yeiH",1,0.5,0,1,0,0,0
"yfdI",0.92,0.5,0,0.92,0,0,0
"ybiO",0.96,0.5,0,0.96,0,0,0
"ynfM",1,0.5,0,1,0,0,0
"murC",1,0.5,0,1,0,0,0
"gltX",1,0.5,0,1,0,0,0
"fhuB",1,0.5,0,1,0,0,0
"osmF",0.96,0.875,0,1,0,0,0
"pncB",0.96,1,0,1,0,0,0
"sspA",0.96,0.5,0,0.96,0,0,0
"lepA",1,0.5,0,1,0,0,0
"fadJ",0.76,0.541666666666667,0,0.791666666666667,0,0,-0.102062072615966
"narU",1,0.5,0,1,0,0,0
"fes",1,0.5,0,1,0,0,0
"yhhJ",1,0.5,0,1,0,0,0
"hslU",1,0.5,0,1,0,0,0
"ldrC.chaA",1,0.5,0,1,0,0,0
"ybjD",1,0.5,0,1,0,0,0
"araE",1,0.5,0,1,0,0,0
"purL.yfhD",1,0.5,0,1,0,0,0
"ygdH.sdaC",1,0.5,0,1,0,0,0
"hycE",1,0.5,0,1,0,0,0
"yhiO",1,0.5,0,1,0,0,0
"rplU.ispB",1,0.5,0,1,0,0,0
"malQ",1,1,1,1,1,1,1
"rtn",1,0.5,0,1,0,0,0
"yjaH",1,0.5,0,1,0,0,0
"hypE",1,0.5,0,1,0,0,0
"yicC",0.88,0.5,0,0.88,0,0,0
"ECB_02800",1,0.5,0,1,0,0,0
"yiaG",1,0.5,0,1,0,0,0
"atpF",1,0.5,0,1,0,0,0
"sufI",1,0.5,0,1,0,0,0
"ygaF",0.8,0.5,0,0.8,0,0,0
"ydjE",0.8,0.5,0,0.8,0,0,0
"lpxK",0.8,0.5,0,0.8,0,0,0
"ybjL",1,0.5,0,1,0,0,0
"yodB.serU",0.8,0.5,0,0.8,0,0,0
"rrmA",0.8,0.5,0,0.8,0,0,0
"yhhW",0.8,0.5,0,0.8,0,0,0
"cdaR",1,0.5,0,1,0,0,0
"nuoG",1,0.5,0,1,0,0,0
"rbsC",1,0.5,0,1,0,0,0
"cspC",1,0.5,0,1,0,0,0
"asnS",1,0.5,0,1,0,0,0
"dapB.caX",1,0.5,0,1,0,0,0
"cysK.ptsH",1,0.5,0,1,0,0,0
"hrpB",0.96,0.5,0,0.96,0,0,0
"treB",1,1,1,1,1,1,1
"yeaP",0.96,0.5,0,0.96,0,0,0
"ylbE_1",1,0.5,0,1,0,0,0
"elfC",1,0.5,0,1,0,0,0
"aroH",0.96,0.5,0,0.96,0,0,0
"speC",1,0.5,0,1,0,0,0
"rbbA",1,0.5,0,1,0,0,0
"rbsB",1,0.5,0,1,0,0,0
"insL.2",1,0.5,0,1,0,0,0
"yjaG.hupA",0.96,0.666666666666667,0,1,0,0,0
"treF",0.96,0.5,0,0.96,0,0,0
"ygaD",1,0.5,0,1,0,0,0
"atpC",1,0.5,0,1,0,0,0
"yjcR",1,0.5,0,1,0,0,0
"dapA.gcvR",1,0.5,0,1,0,0,0
"ubiB",1,0.5,0,1,0,0,0
"yhhF",0.88,0.5,0,0.88,0,0,0
"cusC",1,0.5,0,1,0,0,0
"orn",1,0.5,0,1,0,0,0
"kch",1,0.5,0,1,0,0,0
"yjiN",0.96,0.5,0,0.96,0,0,0
"melA",0.8,0.5,0,0.8,0,0,0
"selA",1,0.5,0,1,0,0,0
"asmA",0.8,0.5,0,0.8,0,0,0
"fruA",0.8,0.5,0,0.8,0,0,0
"insH",1,0.5,0,1,0,0,0
"yraK",0.8,0.5,0,0.8,0,0,0
"glf",0.76,0.5,0,0.76,0,0,0
"cfa",0.96,0.5,0,0.96,0,0,0
"lrp",1,0.5,0,1,0,0,0
"yobF",0.96,0.5,0,0.96,0,0,0
"gst",1,0.5,0,1,0,0,0
"perR",1,1,1,1,1,1,1
"yfeA",1,0.5,0,1,0,0,0
"ydeM",0.96,0.5,0,0.96,0,0,0
"borD",1,0.5,0,1,0,0,0
"ggt",1,0.5,0,1,0,0,0
"zntA",0.96,0.791666666666667,0,1,0,0,0
"ybcM",1,0.5,0,1,0,0,0
"yqaB",1,0.5,0,1,0,0,0
"sfmD",1,0.5,0,1,0,0,0
"nuoE",1,0.5,0,1,0,0,0
"yhiI",1,0.5,0,1,0,0,0
"murF",1,0.5,0,1,0,0,0
"yaeJ",1,0.5,0,1,0,0,0
"poxA",1,0.5,0,1,0,0,0
"glpE",1,0.5,0,1,0,0,0
"yjeH.groS",0.96,0.958333333333333,0,1,0,0,0
"uvrD",1,0.5,0,1,0,0,0
"yjhC",1,0.5,0,1,0,0,0
"argE.argC",1,0.5,0,1,0,0,0
"yjcF",1,0.5,0,1,0,0,0
"yraM",1,0.5,0,1,0,0,0
"glgX",1,0.5,0,1,0,0,0
"ybhN",0.96,1,0,1,0,0,0
"arnT",1,0.5,0,1,0,0,0
"yjgQ",0.8,0.5,0,0.8,0,0,0
"udp",0.8,0.5,0,0.8,0,0,0
"yneF",0.8,0.5,0,0.8,0,0,0
"fabD",0.76,0.5,0,0.76,0,0,0
"yicH",0.76,0.5,0,0.76,0,0,0
"wecH",0.8,0.5,0,0.8,0,0,0
"yhbW",0.96,0.541666666666667,0,1,0,0,0
"fepB",1,0.5,0,1,0,0,0
"pstC",1,0.5,0,1,0,0,0
"yebO",0.96,0.5,0,0.96,0,0,0
"ycjM",0.96,0.5,0,0.96,0,0,0
"yiaN",1,0.5,0,1,0,0,0
"evgA",1,0.5,0,1,0,0,0
"katE",1,0.5,0,1,0,0,0
"ydgD",1,0.5,0,1,0,0,0
"ybcV",1,0.5,0,1,0,0,0
"ybhG",1,0.5,0,1,0,0,0
"gabP",1,0.5,0,1,0,0,0
"sfmH",1,0.5,0,1,0,0,0
"ycdY",1,0.5,0,1,0,0,0
"yihQ",1,0.5,0,1,0,0,0
"ycfQ",1,0.5,0,1,0,0,0
"yhiJ",1,0.5,0,1,0,0,0
"rbsR",1,0.5,0,1,0,0,0
"hsdM",1,0.5,0,1,0,0,0
"ydgR.gst",1,0.5,0,1,0,0,0
"cusS",1,0.5,0,1,0,0,0
"yafE",1,0.5,0,1,0,0,0
"nrfG.gltP",0.84,0.833333333333333,0,0.875,0,0,-0.0753778361444409
"lptB",1,0.5,0,1,0,0,0
"dppD",1,0.5,0,1,0,0,0
"ECB_04076",1,0.5,0,1,0,0,0
"yjeP",1,0.5,0,1,0,0,0
"ECB_00624",1,0.5,0,1,0,0,0
"adhE",1,0.5,0,1,0,0,0
"yjiPQ",0.96,0.5,0,0.96,0,0,0
"uxuB",1,0.5,0,1,0,0,0
"idnR",0.8,0.5,0,0.8,0,0,0
"fadD",0.8,0.5,0,0.8,0,0,0
"gltT",0.8,0.5,0,0.8,0,0,0
"yeeE",1,0.5,0,1,0,0,0
"ybaK",1,0.5,0,1,0,0,0
"yhiD",1,0.5,0,1,0,0,0
"maeA",0.96,0.5,0,0.96,0,0,0
"osmE",1,0.5,0,1,0,0,0
"rrsG.clpB",0.96,0.5,0,0.96,0,0,0
"yaiY",1,0.5,0,1,0,0,0
"ybcW",1,0.5,0,1,0,0,0
"ygbN",0.8,0.5,0,0.8,0,0,0
"csgC.ymdA",1,0.5,0,1,0,0,0
"hypF",0.96,0.666666666666667,0,1,0,0,0
"ptrA",1,0.5,0,1,0,0,0
"cyoC",1,0.5,0,1,0,0,0
"yhiL",1,0.5,0,1,0,0,0
"yieO",1,0.5,0,1,0,0,0
"ebgR",1,0.5,0,1,0,0,0
"rnd",1,0.5,0,1,0,0,0
"gltA",1,0.5,0,1,0,0,0
"ECB_00512",1,0.5,0,1,0,0,0
"ybaJ",1,0.5,0,1,0,0,0
"metA",1,0.5,0,1,0,0,0
"rpsC",1,0.5,0,1,0,0,0
"hsdR",1,0.5,0,1,0,0,0
"rhsA",1,0.5,0,1,0,0,0
"aspA",1,0.5,0,1,0,0,0
"bcsB",1,0.5,0,1,0,0,0
"recE",0.92,0.916666666666667,0,0.958333333333333,0,0,-0.0416666666666667
"mukB",0.96,0.791666666666667,0,1,0,0,0
"yecN",0.8,0.5,0,0.8,0,0,0
"galF",1,0.5,0,1,0,0,0
"rhsD",0.8,0.5,0,0.8,0,0,0
"exuR",0.8,0.5,0,0.8,0,0,0
"sppA",1,0.5,0,1,0,0,0
"hcr",1,0.5,0,1,0,0,0
"nlpI.pnp",1,0.5,0,1,0,0,0
"yobH",0.96,0.5,0,0.96,0,0,0
"tqsA",1,0.5,0,1,0,0,0
"yedE",1,0.5,0,1,0,0,0
"fadL.yfdF",0.96,0.5,0,0.96,0,0,0
"yaiZ",1,0.5,0,1,0,0,0
"mutS",1,0.5,0,1,0,0,0
"grxB",1,0.5,0,1,0,0,0
"bglX",1,0.5,0,1,0,0,0
"plaP",1,0.5,0,1,0,0,0
"yhiM",1,0.5,0,1,0,0,0
"nmpC.ECB_00513",1,0.5,0,1,0,0,0
"sdaA",1,0.5,0,1,0,0,0
"infA",1,0.5,0,1,0,0,0
"thrS.arpB",1,0.5,0,1,0,0,0
"dsbG",1,0.5,0,1,0,0,0
"actP",1,0.5,0,1,0,0,0
"yjcC",1,0.5,0,1,0,0,0
"IS1_insB.ESCRE4497",0.88,0.5,0,0.88,0,0,0
"ECB_04210",1,0.5,0,1,0,0,0
"mak",0.96,0.5,0,0.96,0,0,0
"ycbB",0.96,0.5,0,0.96,0,0,0
"allD",1,0.5,0,1,0,0,0
"mcrC",0.96,0.5,0,0.96,0,0,0
"malI.malX",0.8,0.5,0,0.8,0,0,0
"glnB",0.8,0.5,0,0.8,0,0,0
"narH",0.8,0.5,0,0.8,0,0,0
"gadA",1,0.5,0,1,0,0,0
"asnU",1,0.5,0,1,0,0,0
"glxR",0.8,0.5,0,0.8,0,0,0
"pflB",1,0.5,0,1,0,0,0
"kdgR",0.96,0.5,0,0.96,0,0,0
"speF",1,0.5,0,1,0,0,0
"rcsC",1,0.5,0,1,0,0,0
"ddlA",1,0.5,0,1,0,0,0
"lolC",1,0.5,0,1,0,0,0
"lolE",1,0.5,0,1,0,0,0
"yhiN",1,0.5,0,1,0,0,0
"citC.gatZ",1,0.5,0,1,0,0,0
"rrlA",1,0.5,0,1,0,0,0
"narP.ccmH",1,0.5,0,1,0,0,0
"pheS.pheM",1,0.5,0,1,0,0,0
"gltL.insJ.2",1,0.5,0,1,0,0,0
"gcl",1,0.5,0,1,0,0,0
"yjhA",1,0.5,0,1,0,0,0
"yjgN",1,0.5,0,1,0,0,0
"ampG",1,0.5,0,1,0,0,0
"prpD",1,0.5,0,1,0,0,0
"ynfF",1,0.5,0,1,0,0,0
"uvrC",0.8,0.5,0,0.8,0,0,0
"yfhG",0.8,0.5,0,0.8,0,0,0
"hycB",0.8,0.5,0,0.8,0,0,0
"nikD",1,0.5,0,1,0,0,0
"pepN",1,0.5,0,1,0,0,0
"yiaK",1,0.5,0,1,0,0,0
"ygcU",1,0.5,0,1,0,0,0
"proP",0.96,0.5,0,0.96,0,0,0
"mltB",0.96,0.5,0,0.96,0,0,0
"yqiK",0.96,0.5,0,0.96,0,0,0
"iraP",1,0.5,0,1,0,0,0
"dnaE",1,0.5,0,1,0,0,0
"ymfD",1,0.5,0,1,0,0,0
"treA.dhaM",1,0.5,0,1,0,0,0
"ccmB",0.96,0.5,0,0.96,0,0,0
"ECB_02200.nuoN",1,0.5,0,1,0,0,0
"ECB_02013",1,0.5,0,1,0,0,0
"ykgF",1,0.5,0,1,0,0,0
"cysQ",0.96,0.5,0,0.96,0,0,0
"cynX",1,0.5,0,1,0,0,0
"kefA",1,0.5,0,1,0,0,0
"ydbH",1,0.5,0,1,0,0,0
"yniA",0.96,0.5,0,1,0,0,0
"yeaI",1,0.5,0,1,0,0,0
"csgG",1,0.5,0,1,0,0,0
"nagE",0.8,0.5,0,0.8,0,0,0
"fabG.acpP",0.8,0.5,0,0.8,0,0,0
"yrfF",1,0.5,0,1,0,0,0
"yjaB",0.8,0.5,0,0.8,0,0,0
"phnC",1,0.5,0,1,0,0,0
"yjhP",0.8,0.5,0,0.8,0,0,0
"rfbA",1,0.5,0,1,0,0,0
"gatY",1,0.5,0,1,0,0,0
"ygcE.ygcF",1,0.5,0,1,0,0,0
"cysI",0.96,0.5,0,0.96,0,0,0
"araG",0.96,0.5,0,0.96,0,0,0
"astB",0.96,0.5,0,0.96,0,0,0
"phoA",1,0.5,0,1,0,0,0
"ldcC",1,0.5,0,1,0,0,0
"uspB",1,0.5,0,1,0,0,0
"yadG",1,0.5,0,1,0,0,0
"rihB",1,0.5,0,1,0,0,0
"yedV",1,0.5,0,1,0,0,0
"tolR",1,0.5,0,1,0,0,0
"tauD.hemB",1,0.5,0,1,0,0,0
"ybiV",1,0.5,0,1,0,0,0
"lacI",1,0.5,0,1,0,0,0
"yeaJ",1,0.5,0,1,0,0,0
"aspS",1,0.5,0,1,0,0,0
"kdpB",1,0.5,0,1,0,0,0
"fnr",1,0.5,0,1,0,0,0
"dppF",1,0.5,0,1,0,0,0
"ycjT",0.8,0.5,0,0.8,0,0,0
"yieG",0.8,0.5,0,0.8,0,0,0
"yjdL",0.8,0.5,0,0.8,0,0,0
"yrbD",0.8,0.5,0,0.8,0,0,0
"cusR",1,0.5,0,1,0,0,0
"ygeY",1,0.5,0,1,0,0,0
"ydgH",1,0.5,0,1,0,0,0
"pepD",0.96,0.5,0,0.96,0,0,0
"psiF",1,0.5,0,1,0,0,0
"malP",1,0.5,0,1,0,0,0
"narX",1,0.5,0,1,0,0,0
"chbF",0.96,0.5,0,0.96,0,0,0
"mutL",0.92,0.958333333333333,0,0.958333333333333,0,0,-0.0416666666666667
"smp.serB",1,0.5,0,1,0,0,0
"insJ.3.cysH",1,0.5,0,1,0,0,0
"lysQ",1,0.5,0,1,0,0,0
"ybgQ",1,0.5,0,1,0,0,0
"ydcM",1,0.5,0,1,0,0,0
"yeaM",1,0.5,0,1,0,0,0
"dgoT",0.8,0.5,0,0.8,0,0,0
"ydcF",0.8,0.5,0,0.8,0,0,0
"cutA",0.8,0.5,0,0.8,0,0,0
"rplJ",0.8,0.5,0,0.8,0,0,0
"rpoN",0.8,0.5,0,0.8,0,0,0
"ycgB.dadA",1,0.5,0,1,0,0,0
"yhfZ",1,0.5,0,1,0,0,0
"cynR",0.96,0.5,0,0.96,0,0,0
"adrA",1,0.5,0,1,0,0,0
"ycgG",1,0.5,0,1,0,0,0
"nrdG",0.96,0.666666666666667,0,1,0,0,0
"manB.cpsG",1,0.5,0,1,0,0,0
"tdcR.yhaB",0.96,0.5,0,0.96,0,0,0
"ynaK.ECB_01341",1,0.5,0,1,0,0,0
"ybiX.ybiL",1,0.5,0,1,0,0,0
"ruvB",1,0.5,0,1,0,0,0
"torZ",1,0.5,0,1,0,0,0
"ynbC",1,0.5,0,1,0,0,0
"yjiJ",1,0.5,0,1,0,0,0
"gspE",0.8,0.5,0,0.8,0,0,0
"ynbD",0.8,0.5,0,0.8,0,0,0
"ybgL",0.8,0.5,0,0.8,0,0,0
"bcsG",1,0.5,0,1,0,0,0
"yehQ",0.96,0.5,0,0.96,0,0,0
"appY",1,0.5,0,1,0,0,0
"proC",1,0.5,0,1,0,0,0
"ddpD",1,0.5,0,1,0,0,0
"rpsG",1,0.5,0,1,0,0,0
"ompN.ydbK",1,0.5,0,1,0,0,0
"ddpF",1,0.5,0,1,0,0,0
"fdhD",1,0.5,0,1,0,0,0
"wcaC",0.96,0.666666666666667,0,1,0,0,0
"yeeU",1,0.5,0,1,0,0,0
"chiA",1,0.5,0,1,0,0,0
"malS",0.96,0.5,0,1,0,0,0
"gltF",1,0.5,0,1,0,0,0
"dinQ.arsR",0.92,0.5,0,0.92,0,0,0
"yeiT",1,0.5,0,1,0,0,0
"yaeF",0.96,0.5,0,0.96,0,0,0
"ompT",1,0.5,0,1,0,0,0
"b3783.b4403",1,0.5,0,1,0,0,0
"ybgJ",1,0.5,0,1,0,0,0
"uxaB",1,0.5,0,1,0,0,0
"prlC",1,0.5,0,1,0,0,0
"yhgI.gntT",1,0.5,0,1,0,0,0
"rplS",1,0.5,0,1,0,0,0
"acpD",1,0.5,0,1,0,0,0
"pqiB",1,0.5,0,1,0,0,0
"ulaG",1,0.5,0,1,0,0,0
"maa",1,0.5,0,1,0,0,0
"ybbD",1,0.5,0,1,0,0,0
"sapA",1,0.5,0,1,0,0,0
"cho",0.8,0.5,0,0.8,0,0,0
"ansA",1,0.5,0,1,0,0,0
"yiaY",1,0.5,0,1,0,0,0
"yphG",1,0.5,0,1,0,0,0
"rnr",1,0.5,0,1,0,0,0
"dnaQ",0.92,0.5,0,0.92,0,0,0
"ycjS",1,0.5,0,1,0,0,0
"ydaM",1,0.5,0,1,0,0,0
"cpdB",0.96,0.5,0,0.96,0,0,0
"rlmJ",1,0.5,0,1,0,0,0
"pflC",1,0.5,0,1,0,0,0
"ECB_02816",1,0.5,0,1,0,0,0
"yeeP.flu",1,0.5,0,1,0,0,0
"insL.5",1,0.5,0,1,0,0,0
"yfiR",1,0.5,0,1,0,0,0
"rimJ",1,0.5,0,1,0,0,0
"IS3_insE.serX",1,0.5,0,1,0,0,0
"ydfP",1,0.5,0,1,0,0,0
"yehY",1,0.5,0,1,0,0,0
"fimH",1,0.5,0,1,0,0,0
"fumC",0.8,0.5,0,0.8,0,0,0
"yheS",0.8,0.5,0,0.8,0,0,0
"yeaZ",1,0.5,0,1,0,0,0
"glyQ",1,0.5,0,1,0,0,0
"envY",1,0.5,0,1,0,0,0
"ydjI",1,0.5,0,1,0,0,0
"kup.insJ",1,0.5,0,1,0,0,0
"rpsD",1,0.5,0,1,0,0,0
"hdfR.yifE",1,0.5,0,1,0,0,0
"ydhV",1,0.5,0,1,0,0,0
"ylaC",1,0.5,0,1,0,0,0
"rof",1,0.5,0,1,0,0,0
"ybaP",1,0.5,0,1,0,0,0
"yjiK.yjiL",0.8,0.5,0,0.8,0,0,0
"mdtF",0.76,0.5,0,0.76,0,0,0
"yhfW",0.8,0.5,0,0.8,0,0,0
"cheR",1,0.5,0,1,0,0,0
"sgbU",1,0.5,0,1,0,0,0
"yffP.yffQ",0.96,0.5,0,0.96,0,0,0
"yejG.bcr",0.96,0.5,0,0.96,0,0,0
"ybcH",1,0.5,0,1,0,0,0
"yajO",1,0.5,0,1,0,0,0
"ydeU",1,0.5,0,1,0,0,0
"cheA",1,0.5,0,1,0,0,0
"yhbE.rpmA",1,0.5,0,1,0,0,0
"ybaM.priC",1,0.5,0,1,0,0,0
"yceF",0.96,0.5,0,0.96,0,0,0
"sufS",0.96,0.5,0,0.96,0,0,0
"flgG",1,0.5,0,1,0,0,0
"ydiR",1,0.5,0,1,0,0,0
"ugpA",1,0.5,0,1,0,0,0
"atoA",1,0.5,0,1,0,0,0
"cysD",1,0.5,0,1,0,0,0
"yiaU",1,0.5,0,1,0,0,0
"ravA.kup",0.96,0.5,0,0.96,0,0,0
"gltP.yjcO",0.96,0.5,0,0.96,0,0,0
"nfrA",1,0.5,0,1,0,0,0
"yajR",1,0.5,0,1,0,0,0
"ftnB.yecJ",1,0.5,0,1,0,0,0
"feoB",1,0.5,0,1,0,0,0
"ygjG",1,0.5,0,1,0,0,0
"aroD",1,0.5,0,1,0,0,0
"ytfR",1,0.5,0,1,0,0,0
"phoU",0.8,0.5,0,0.8,0,0,0
"tus",1,0.5,0,1,0,0,0
"ilvC",1,0.5,0,1,0,0,0
"nfrB",1,0.5,0,1,0,0,0
"stfR",1,0.5,0,1,0,0,0
"ydeT",1,0.5,0,1,0,0,0
"yqjK",1,0.5,0,1,0,0,0
"ybdR",1,0.5,0,1,0,0,0
"ygjR.psrN",0.8,0.5,0,0.8,0,0,0
"envC",0.8,0.5,0,0.8,0,0,0
"amiA",1,0.5,0,1,0,0,0
"yjbH",1,0.5,0,1,0,0,0
"yihG.polA",1,0.5,0,1,0,0,0
"feaB",1,0.5,0,1,0,0,0
"smtA",1,0.5,0,1,0,0,0
"arsR",1,0.5,0,1,0,0,0
"cycA",1,0.5,0,1,0,0,0
"yghB",1,0.5,0,1,0,0,0
"ydjG",0.96,0.5,0,0.96,0,0,0
"cdd",1,0.5,0,1,0,0,0
"fdoG",0.8,0.5,0,0.8,0,0,0
"nac",1,0.5,0,1,0,0,0
"yihM",1,0.5,0,1,0,0,0
"rlmB.yjfI",0.96,0.5,0,0.96,0,0,0
"recN",1,0.5,0,1,0,0,0
"cynT",1,0.5,0,1,0,0,0
"cbrA",1,0.5,0,1,0,0,0
"dld",0.96,0.5,0,0.96,0,0,0
"arsB",1,0.5,0,1,0,0,0
"cca.uppP",1,0.5,0,1,0,0,0
"ECB_02001",1,0.5,0,1,0,0,0
"ydiD",1,0.5,0,1,0,0,0
"ybcU.ECB_00510",1,0.5,0,1,0,0,0
"ylbF",1,0.5,0,1,0,0,0
"yebT",1,0.5,0,1,0,0,0
"malS.avtA",1,0.5,0,1,0,0,0
"glmU",1,0.5,0,1,0,0,0
"nlpD",1,0.5,0,1,0,0,0
"ygfM",1,0.5,0,1,0,0,0
"pheS",1,0.5,0,1,0,0,0
"ssuB",1,0.5,0,1,0,0,0
"arsC",1,0.5,0,1,0,0,0
"ykgA",1,0.5,0,1,0,0,0
"yrfE",1,0.5,0,1,0,0,0
"intD",1,0.5,0,1,0,0,0
"fadI",1,0.5,0,1,0,0,0
"metK.galP",1,0.5,0,1,0,0,0
"ydcK",1,0.5,0,1,0,0,0
"tar",0.96,0.5,0,0.96,0,0,0
"acnA",1,0.5,0,1,0,0,0
"nrfD",1,0.5,0,1,0,0,0
"yjhI",1,0.5,0,1,0,0,0
"ypfJ",1,0.5,0,1,0,0,0
"yhiS",1,0.5,0,1,0,0,0
"yahJ",1,0.5,0,1,0,0,0
"yciQ",1,0.5,0,1,0,0,0
"fepD",1,0.5,0,1,0,0,0
"xapB",1,0.5,0,1,0,0,0
"yhfX",1,0.5,0,1,0,0,0
"rffD",0.96,0.5,0,0.96,0,0,0
"creD",0.96,0.5,0,0.96,0,0,0
"cusB",1,0.5,0,1,0,0,0
"yebK",1,0.5,0,1,0,0,0
"IS1",1,0.5,0,1,0,0,0
"waaT",1,0.5,0,1,0,0,0
"mepA",1,0.5,0,1,0,0,0
"yehM",1,0.5,0,1,0,0,0
"entE",1,0.5,0,1,0,0,0
"idi",0.92,1,0,0.958333333333333,0,0,-0.0416666666666667
"focA",0.96,0.5,0,0.96,0,0,0
"gcvR",0.96,0.5,0,0.96,0,0,0
"cstA",1,0.5,0,1,0,0,0
"intA",1,0.5,0,1,0,0,0
"ydiY",1,0.5,0,1,0,0,0
"ycjC",1,0.5,0,1,0,0,0
"hyfB",0.96,0.5,0,0.96,0,0,0
"ygfU",1,0.5,0,1,0,0,0
"yehB",1,0.5,0,1,0,0,0
"ybhR",1,0.5,0,1,0,0,0
"pheP",1,0.5,0,1,0,0,0
"slp",1,0.5,0,1,0,0,0
"yeeI",1,0.5,0,1,0,0,0
"citT",1,0.5,0,1,0,0,0
"bioC",1,0.5,0,1,0,0,0
"aslA",1,0.5,0,1,0,0,0
"cydD",1,0.5,0,1,0,0,0
"mnmG",0.96,0.5,0,0.96,0,0,0
"hypD",0.96,0.5,0,0.96,0,0,0
"ybdG",1,0.5,0,1,0,0,0
"nrdA",1,0.5,0,1,0,0,0
"ygaM",1,0.5,0,1,0,0,0
"fhuE",0.96,0.5,0,0.96,0,0,0
"yahK",1,0.5,0,1,0,0,0
"fimA",1,0.5,0,1,0,0,0
"purL",1,0.5,0,1,0,0,0
"ydcR",1,0.5,0,1,0,0,0
"ECB_00735",1,0.5,0,1,0,0,0
"yhhN",1,0.5,0,1,0,0,0
"yhaM",1,0.5,0,1,0,0,0
"ycaC",0.96,0.5,0,0.96,0,0,0
"ddpA",1,0.5,0,1,0,0,0
"ydiS",1,0.5,0,1,0,0,0
"argZ.argY",1,0.5,0,1,0,0,0
"trg",0.96,0.916666666666667,0,1,0,0,0
"yfiQ",1,0.5,0,1,0,0,0
"yfiH",1,0.5,0,1,0,0,0
"ybeD",1,0.5,0,1,0,0,0
"nrdE",1,0.5,0,1,0,0,0
"ydiU",1,0.5,0,1,0,0,0
"tdcG",1,0.5,0,1,0,0,0
"lepB",1,0.5,0,1,0,0,0
"atoE",1,0.5,0,1,0,0,0
"ycaN",0.96,0.5,0,0.96,0,0,0
"ybdF",1,0.5,0,1,0,0,0
"dosP",1,0.5,0,1,0,0,0
"yjhB",0.96,0.5,0,0.96,0,0,0
"ascB",1,0.5,0,1,0,0,0
"hdeB",1,0.5,0,1,0,0,0
"ECB_03822",1,0.5,0,1,0,0,0
"mglB",1,0.5,0,1,0,0,0
"mcrB",1,0.5,0,1,0,0,0
"wcaK",1,0.5,0,1,0,0,0
"ftsA",1,0.5,0,1,0,0,0
"ybdJ",1,0.5,0,1,0,0,0
"pqqL",1,0.5,0,1,0,0,0
"yphH",1,0.5,0,1,0,0,0
"ygbL",1,0.5,0,1,0,0,0
"amiC",1,0.5,0,1,0,0,0
"yejH",1,0.5,0,1,0,0,0
"kefB",1,0.5,0,1,0,0,0
"yeaE",1,0.5,0,1,0,0,0
"citC",1,0.5,0,1,0,0,0
"pgaC",1,0.5,0,1,0,0,0
"flgF",1,0.5,0,1,0,0,0
"ybdK",1,0.5,0,1,0,0,0
"iap.ygbF",1,0.5,0,1,0,0,0
"hdeD",1,0.5,0,1,0,0,0
"yiaV",1,0.5,0,1,0,0,0
"yqeB",1,0.5,0,1,0,0,0
"metT.asnB",1,0.5,0,1,0,0,0
"ybdM",1,0.5,0,1,0,0,0
"narY",1,0.5,0,1,0,0,0
"yibD",1,0.5,0,1,0,0,0
"alsA",1,0.5,0,1,0,0,0
"potE",0.96,0.5,0,0.96,0,0,0
"ygcG",1,0.5,0,1,0,0,0
"xdhA",0.96,0.916666666666667,0,1,0,0,0
"hemE",1,0.5,0,1,0,0,0
"mntR",1,0.5,0,1,0,0,0
"rhaA",1,0.5,0,1,0,0,0
"yohF",0.96,0.5,0,0.96,0,0,0
"yidC",1,0.5,0,1,0,0,0
"coaE.guaC",1,0.5,0,1,0,0,0
"yjiS.yjiT",0.96,0.5,0,0.96,0,0,0
"serV",1,0.5,0,1,0,0,0
"queF.ygdH",1,0.5,0,1,0,0,0
"narQ",1,0.5,0,1,0,0,0
"fimE",1,0.5,0,1,0,0,0
"sgcX",1,0.5,0,1,0,0,0
"dbpA",1,0.5,0,1,0,0,0
"yjjI",0.96,0.5,0,0.96,0,0,0
"fucK",1,0.5,0,1,0,0,0
"hofQ",0.96,0.5,0,0.96,0,0,0
"ycaI",0.96,0.833333333333333,0,1,0,0,0
"mdtE",1,0.5,0,1,0,0,0
"mdh.argR",1,0.5,0,1,0,0,0
"hflB",1,0.5,0,1,0,0,0
"kduD",1,0.5,0,1,0,0,0
"yfgI",0.96,0.75,0,1,0,0,0
"ybgH.ybgI",1,0.5,0,1,0,0,0
"citA",1,0.5,0,1,0,0,0
"potF",0.96,0.5,0,0.96,0,0,0
"hflD",1,0.5,0,1,0,0,0
"galR",1,0.5,0,1,0,0,0
"yebS",1,0.5,0,1,0,0,0
"ybdH",1,0.5,0,1,0,0,0
"speC.yqgA",1,0.5,0,1,0,0,0
"ybcR",1,0.5,0,1,0,0,0
"yrdB",1,0.5,0,1,0,0,0
"torY",1,0.5,0,1,0,0,0
"tktA",1,0.5,0,1,0,0,0
"yqjG",1,0.5,0,1,0,0,0
"dcuR",1,0.5,0,1,0,0,0
"gltD",1,0.5,0,1,0,0,0
"gltT.rrlB",0.96,0.5,0,0.96,0,0,0
"ybdZ",1,0.5,0,1,0,0,0
"ybfO",1,0.5,0,1,0,0,0
"ftsN",1,0.5,0,1,0,0,0
"yqhC",1,0.5,0,1,0,0,0
"kdgK",0.96,0.5,0,0.96,0,0,0
"yegE",0.96,0.5,0,0.96,0,0,0
"ycaO",1,0.5,0,1,0,0,0
"ypjA",1,0.5,0,1,0,0,0
"ispB",1,0.5,0,1,0,0,0
"yciI.tonB",1,0.5,0,1,0,0,0
"gadB",1,0.5,0,1,0,0,0
"citF",1,0.5,0,1,0,0,0
"ybgK",1,0.5,0,1,0,0,0
"argG",1,0.5,0,1,0,0,0
"ldcA",0.96,0.5,0,0.96,0,0,0
"ybcT",1,0.5,0,1,0,0,0
"ygiE",1,0.5,0,1,0,0,0
"yhiR",1,0.5,0,1,0,0,0
"cueO.gcd",1,0.5,0,1,0,0,0
"nei",1,0.5,0,1,0,0,0
"yhbX.leuU",1,0.5,0,1,0,0,0
"leuP",0.96,0.5,0,0.96,0,0,0
"yhdP",0.96,0.791666666666667,0,1,0,0,0
"ybcU",1,0.5,0,1,0,0,0
"mokC",1,0.5,0,1,0,0,0
"yggW",1,0.5,0,1,0,0,0
"ybhQ",1,0.5,0,1,0,0,0
"yjiZ",1,0.5,0,1,0,0,0
"helD",1,0.5,0,1,0,0,0
"yhcG",1,0.5,0,1,0,0,0
"lysU",0.96,0.5,0,0.96,0,0,0
"yhjA",1,0.5,0,1,0,0,0
"ECB_00510",1,0.5,0,1,0,0,0
"insJ.2",1,0.5,0,1,0,0,0
"ybiB",1,0.5,0,1,0,0,0
"hycC",1,0.5,0,1,0,0,0
"selB",1,0.5,0,1,0,0,0
"srlE",1,0.5,0,1,0,0,0
"lldP",1,0.5,0,1,0,0,0
"recE.XcC",1,0.5,0,1,0,0,0
"yjgR",0.92,0.5,0,0.92,0,0,0
"yjcH",0.96,0.791666666666667,0,1,0,0,0
"nohB",1,0.5,0,1,0,0,0
"insK.2",1,0.5,0,1,0,0,0
"ECB_00833",1,0.5,0,1,0,0,0
"fur.fldA",1,0.5,0,1,0,0,0
"ydeR",1,0.5,0,1,0,0,0
"astC",1,0.5,0,1,0,0,0
"ydfV",1,0.5,0,1,0,0,0
"malX",0.96,0.5,0,0.96,0,0,0
"yhjB",1,0.5,0,1,0,0,0
"ECB_01510",1,0.5,0,1,0,0,0
"yghJ.yghK",1,0.5,0,1,0,0,0
"ECB_00851.ybjL",1,0.5,0,1,0,0,0
"ompA.sulA",1,0.5,0,1,0,0,0
"mutH",1,0.5,0,1,0,0,0
"ydfJ",1,0.5,0,1,0,0,0
"pabB",1,0.5,0,1,0,0,0
"mdfA",0.96,0.5,0,0.96,0,0,0
"yjiM",0.96,0.541666666666667,0,1,0,0,0
"yhjC",1,0.5,0,1,0,0,0
"ECB_00513",1,0.5,0,1,0,0,0
"insE.3",1,0.5,0,1,0,0,0
"yjeM",1,0.5,0,1,0,0,0
"ygjE",1,0.5,0,1,0,0,0
"yhdN",1,0.5,0,1,0,0,0
"ynfM.asr",1,0.5,0,1,0,0,0
"rsmF",1,0.5,0,1,0,0,0
"yhjD",1,0.5,0,1,0,0,0
"ECB_00514",1,0.5,0,1,0,0,0
"insF.3",1,0.5,0,1,0,0,0
"putP",1,0.5,0,1,0,0,0
"yhhX",1,0.5,0,1,0,0,0
"gspC",1,0.5,0,1,0,0,0
"glpD",1,0.5,0,1,0,0,0
"plsB",1,0.5,0,1,0,0,0
"hchA",1,0.5,0,1,0,0,0
"yieL",1,0.5,0,1,0,0,0
"yhjE",1,0.5,0,1,0,0,0
"ycdN",1,0.5,0,1,0,0,0
"ytfQ",1,0.5,0,1,0,0,0
"yeeR",1,0.5,0,1,0,0,0
"ybiR",1,0.5,0,1,0,0,0
"bcsE",1,0.5,0,1,0,0,0
"yhjG",1,0.5,0,1,0,0,0
"ydcA",1,0.5,0,1,0,0,0
"gnsB",1,0.5,0,1,0,0,0
"ycdO",1,0.5,0,1,0,0,0
"aroG",1,0.5,0,1,0,0,0
"pyrD",1,0.5,0,1,0,0,0
"gmd",1,0.5,0,1,0,0,0
"yhjH",1,0.5,0,1,0,0,0
"hokB",1,0.5,0,1,0,0,0
"ynfN",1,0.5,0,1,0,0,0
"ycdB",1,0.5,0,1,0,0,0
"aroG.gpmA",1,0.5,0,1,0,0,0
"ybdA",1,0.5,0,1,0,0,0
"qseC",1,0.5,0,1,0,0,0
"uidA",1,0.5,0,1,0,0,0
"yidA",1,0.5,0,1,0,0,0
"mokB",1,0.5,0,1,0,0,0
"ECB_01516",1,0.5,0,1,0,0,0
"ECB_02818",1,0.5,0,1,0,0,0
"ycbL",1,0.5,0,1,0,0,0
"galT",1,0.5,0,1,0,0,0
"yebN",1,0.5,0,1,0,0,0
"b3775.b4403",1,0.5,0,1,0,0,0
"yhjJ",1,0.5,0,1,0,0,0
"cspI",1,0.5,0,1,0,0,0
"ycdP",1,0.5,0,1,0,0,0
"dctA",1,0.5,0,1,0,0,0
"ycdQ",1,0.5,0,1,0,0,0
"yhhA",1,0.5,0,1,0,0,0
"cysB",1,0.5,0,1,0,0,0
"gldA",1,0.5,0,1,0,0,0
"ybjS",1,0.5,0,1,0,0,0
"ydfQ",1,0.5,0,1,0,0,0
"livJ",1,0.5,0,1,0,0,0
"wzxE",1,0.5,0,1,0,0,0
"yebK.pykA",1,0.5,0,1,0,0,0
"hemX",1,0.5,0,1,0,0,0
"ydfR",1,0.5,0,1,0,0,0
"ycdS",1,0.5,0,1,0,0,0
"agp",1,0.5,0,1,0,0,0
"ybeM",1,0.5,0,1,0,0,0
"b1894.b4403",1,0.5,0,1,0,0,0
"xerC",1,0.5,0,1,0,0,0
"bcsZ",1,0.5,0,1,0,0,0
"essQ",1,0.5,0,1,0,0,0
"lysU.yjdL",1,0.5,0,1,0,0,0
"ycdG",1,0.5,0,1,0,0,0
"sgcA",1,0.5,0,1,0,0,0
"yfdE",1,0.5,0,1,0,0,0
"ECB_01522",1,0.5,0,1,0,0,0
"dfp",1,0.5,0,1,0,0,0
"yjhR",1,0.5,0,1,0,0,0
"yegR.yegS",1,0.5,0,1,0,0,0
"macA",1,0.5,0,1,0,0,0
"yigG.rarD",1,0.5,0,1,0,0,0
"bcsA",1,0.5,0,1,0,0,0
"ECB_01523",1,0.5,0,1,0,0,0
"hscC",1,0.5,0,1,0,0,0
"cytR",1,0.5,0,1,0,0,0
"bcsQ",1,0.5,0,1,0,0,0
"manB",1,0.5,0,1,0,0,0
"yicL",1,0.5,0,1,0,0,0
"yhfT",1,0.5,0,1,0,0,0
"yhgF",1,0.5,0,1,0,0,0
"macB",1,0.5,0,1,0,0,0
"ptsA",1,0.5,0,1,0,0,0
"yhjR",1,0.5,0,1,0,0,0
"manC",1,0.5,0,1,0,0,0
"ECB_00515",1,0.5,0,1,0,0,0
"insH.8.narP",1,0.5,0,1,0,0,0
"pcm",1,0.5,0,1,0,0,0
"ynjC",1,0.5,0,1,0,0,0
"thiE",1,0.5,0,1,0,0,0
"insB.14",1,0.5,0,1,0,0,0
"ECB_00516",1,0.5,0,1,0,0,0
"ssuD",1,0.5,0,1,0,0,0
"ECB_03714",1,0.5,0,1,0,0,0
"napB",1,0.5,0,1,0,0,0
"insA.14",1,0.5,0,1,0,0,0
"ECB_00517",1,0.5,0,1,0,0,0
"aceA",1,0.5,0,1,0,0,0
"bipA.yihL",1,0.5,0,1,0,0,0
"glyV.glyX",1,0.5,0,1,0,0,0
"rfc",0.96,0.5,0,0.96,0,0,0
"ldrD",1,0.5,0,1,0,0,0
"yhhL",1,0.5,0,1,0,0,0
"ycaK",1,0.5,0,1,0,0,0
"insD.yjgZ",1,0.5,0,1,0,0,0
"wzy",1,0.5,0,1,0,0,0
"ycdW",1,0.5,0,1,0,0,0
"ydjX",1,0.5,0,1,0,0,0
"kptA",1,0.5,0,1,0,0,0
"nuoB",1,0.5,0,1,0,0,0
"fecA",1,0.5,0,1,0,0,0
"yhjV",1,0.5,0,1,0,0,0
"wbbB",1,0.5,0,1,0,0,0
"ycdZ",1,0.5,0,1,0,0,0
"phnD",1,0.5,0,1,0,0,0
"yfbQ",1,0.5,0,1,0,0,0
"gapA",1,0.5,0,1,0,0,0
"wbbA",1,0.5,0,1,0,0,0
"goaG",1,0.5,0,1,0,0,0
"ygdD",1,0.5,0,1,0,0,0
"bglA",1,0.5,0,1,0,0,0
"vioB",1,0.5,0,1,0,0,0
"insE.4",1,0.5,0,1,0,0,0
"yfcD.yfcE",1,0.5,0,1,0,0,0
"dppC",1,0.5,0,1,0,0,0
"vioA",1,0.5,0,1,0,0,0
"insF.4",1,0.5,0,1,0,0,0
"yecT",1,0.5,0,1,0,0,0
"alsK",1,0.5,0,1,0,0,0
"dppB",1,0.5,0,1,0,0,0
"wzx",1,0.5,0,1,0,0,0
"ECB_01526",1,0.5,0,1,0,0,0
"ECB_00524",1,0.5,0,1,0,0,0
"rnk",1,0.5,0,1,0,0,0
"dppA",1,0.5,0,1,0,0,0
"flhB",1,0.5,0,1,0,0,0
"cvpA",1,0.5,0,1,0,0,0
"yggN",1,0.5,0,1,0,0,0
"rmlC",1,0.5,0,1,0,0,0
"yjdB",1,0.5,0,1,0,0,0
"yeaS",1,0.5,0,1,0,0,0
"araH",1,0.5,0,1,0,0,0
"fklB.cycA",1,0.5,0,1,0,0,0
"frc",1,0.5,0,1,0,0,0
"torA",1,0.5,0,1,0,0,0
"smf",0.96,0.5,0,0.96,0,0,0
"proK",1,0.5,0,1,0,0,0
"ECB_00526",1,0.5,0,1,0,0,0
"yeeA",1,0.5,0,1,0,0,0
"rfbD",1,0.5,0,1,0,0,0
"ECB_00527",1,0.5,0,1,0,0,0
"insL.3",1,0.5,0,1,0,0,0
"yidX",1,0.5,0,1,0,0,0
"ycgV.ychF",1,0.5,0,1,0,0,0
"pepB",1,0.5,0,1,0,0,0
"sufB",0.96,0.5,0,0.96,0,0,0
"yhjX",1,0.5,0,1,0,0,0
"rfbB",1,0.5,0,1,0,0,0
"ECB_00528",1,0.5,0,1,0,0,0
"sufC",1,0.5,0,1,0,0,0
"hcaT",1,0.5,0,1,0,0,0
"yhjY",1,0.5,0,1,0,0,0
"ECB_00529",1,0.5,0,1,0,0,0
"modA",1,0.5,0,1,0,0,0
"yecA",1,0.5,0,1,0,0,0
"yebQ",1,0.5,0,1,0,0,0
"tag",1,0.5,0,1,0,0,0
"wcaM",1,0.5,0,1,0,0,0
"ECB_00530",1,0.5,0,1,0,0,0
"XiA",1,0.5,0,1,0,0,0
"garR",1,0.5,0,1,0,0,0
"purT",1,0.5,0,1,0,0,0
"yiaC",1,0.5,0,1,0,0,0
"ccrB",1,0.5,0,1,0,0,0
"wcaL",1,0.5,0,1,0,0,0
"ybdQ",1,0.5,0,1,0,0,0
"ydcI.ydcJ",1,0.5,0,1,0,0,0
"yedD",1,0.5,0,1,0,0,0
"ydhB",1,0.5,0,1,0,0,0
"flhC",1,0.5,0,1,0,0,0
"bisC",1,0.5,0,1,0,0,0
"yeaY",1,0.5,0,1,0,0,0
"baeR",1,0.5,0,1,0,0,0
"yeaV",1,0.5,0,1,0,0,0
"cysN",1,0.5,0,1,0,0,0
"dam",1,0.5,0,1,0,0,0
"cheY",1,0.5,0,1,0,0,0
"yfbK",1,0.5,0,1,0,0,0
"yfiF",1,0.5,0,1,0,0,0
"cutC",1,0.5,0,1,0,0,0
"ydfI.ydfK",1,0.5,0,1,0,0,0
"yiaD",1,0.5,0,1,0,0,0
"wzxC",1,0.5,0,1,0,0,0
"narW",1,0.5,0,1,0,0,0
"nlpC",1,0.5,0,1,0,0,0
"asnT.yeeJ",1,0.5,0,1,0,0,0
"ghrB",1,0.5,0,1,0,0,0
"wcaJ",1,0.5,0,1,0,0,0
"ylcC",1,0.5,0,1,0,0,0
"yddQ",1,0.5,0,1,0,0,0
"yciM",1,0.5,0,1,0,0,0
"yoaB",1,0.5,0,1,0,0,0
"intF",1,0.5,0,1,0,0,0
"yejK",1,0.5,0,1,0,0,0
"ydjJ",1,0.5,0,1,0,0,0
"ydiM",1,0.5,0,1,0,0,0
"yiaF",1,0.5,0,1,0,0,0
"ybeR",1,0.5,0,1,0,0,0
"yneK",1,0.5,0,1,0,0,0
"aXE.kduD",1,0.5,0,1,0,0,0
"ftsY",1,0.5,0,1,0,0,0
"ycfD",0.96,0.5,0,0.96,0,0,0
"leuX.insC",1,0.5,0,1,0,0,0
"ycjJ.ycjK",1,0.5,0,1,0,0,0
"xanQ",1,0.5,0,1,0,0,0
"yghU.hybG",1,0.5,0,1,0,0,0
"asnB.nagD",1,0.5,0,1,0,0,0
"citX",1,0.5,0,1,0,0,0
"ydeI",1,0.5,0,1,0,0,0
"ptrB",1,0.5,0,1,0,0,0
"yggP",1,0.5,0,1,0,0,0
"ttdA",1,0.5,0,1,0,0,0
"hokA",1,0.5,0,1,0,0,0
"ECB_01906",1,0.5,0,1,0,0,0
"ybgI",1,0.5,0,1,0,0,0
"nfnB",1,0.5,0,1,0,0,0
"citE",1,0.5,0,1,0,0,0
"yghG",1,0.5,0,1,0,0,0
"ompA",1,0.5,0,1,0,0,0
"ydcL",1,0.5,0,1,0,0,0
"citD",1,0.5,0,1,0,0,0
"yeiW",1,0.5,0,1,0,0,0
"yhbU",1,0.5,0,1,0,0,0
"fimC.fimD",1,0.5,0,1,0,0,0
"recG",1,0.5,0,1,0,0,0
"yojL",1,0.5,0,1,0,0,0
"dkgA.yqhG",1,0.5,0,1,0,0,0
"tdh",1,0.5,0,1,0,0,0
"ydgK",0.96,0.5,0,0.96,0,0,0
"insB.9",1,0.5,0,1,0,0,0
"ynjE",1,0.5,0,1,0,0,0
"baeS",1,0.5,0,1,0,0,0
"ydiB",0.96,0.5,0,0.96,0,0,0
"glyS",1,0.5,0,1,0,0,0
"insJ.1",1,0.5,0,1,0,0,0
"ydhY",1,0.5,0,1,0,0,0
"insA.9",1,0.5,0,1,0,0,0
"mipA.yeaG",1,0.5,0,1,0,0,0
"ltaE",1,0.5,0,1,0,0,0
"yciB",1,0.5,0,1,0,0,0
"yegZ",1,0.5,0,1,0,0,0
"insK.1",1,0.5,0,1,0,0,0
"yebZ",1,0.5,0,1,0,0,0
"ECB_01994",1,0.5,0,1,0,0,0
"ECB_01989",1,0.5,0,1,0,0,0
"insB.7",1,0.5,0,1,0,0,0
"yobB",1,0.5,0,1,0,0,0
"aer",1,0.5,0,1,0,0,0
"ycjO",1,0.5,0,1,0,0,0
"ECB_01990",1,0.5,0,1,0,0,0
"srlD",1,0.5,0,1,0,0,0
"insA.7",1,0.5,0,1,0,0,0
"rhtC",1,0.5,0,1,0,0,0
"yiaA",1,0.5,0,1,0,0,0
"ECB_01991",1,0.5,0,1,0,0,0
"metR",1,0.5,0,1,0,0,0
"dhaR",1,0.5,0,1,0,0,0
"muX",1,0.5,0,1,0,0,0
"yfhM",0.96,0.5,0,0.96,0,0,0
"xylB",1,0.5,0,1,0,0,0
"gltA.sdhC",1,0.5,0,1,0,0,0
"ECB_01993",1,0.5,0,1,0,0,0
"gutQ",1,0.5,0,1,0,0,0
"yegM",1,0.5,0,1,0,0,0
"yehW",1,0.5,0,1,0,0,0
"kdsD",1,0.5,0,1,0,0,0
"tehA",1,0.5,0,1,0,0,0
"ygaA",1,0.5,0,1,0,0,0
"yegN",1,0.5,0,1,0,0,0
"mglA",1,0.5,0,1,0,0,0
"mtgA",1,0.5,0,1,0,0,0
"acs",1,0.5,0,1,0,0,0
"ECB_01995",1,0.5,0,1,0,0,0
"yegO",1,0.5,0,1,0,0,0
"cirA.lysP",1,0.5,0,1,0,0,0
"rpiR.rpiB",1,0.5,0,1,0,0,0
"yhbX",0.96,0.5,0,0.96,0,0,0
"yegB",1,0.5,0,1,0,0,0
"yeiE",1,0.5,0,1,0,0,0
"yhbY",0.96,0.5,0,0.96,0,0,0
"ECB_01997",1,0.5,0,1,0,0,0
"fdnG",1,0.5,0,1,0,0,0
"ascF",1,0.5,0,1,0,0,0
"cysG.yhfL",1,0.5,0,1,0,0,0
"ydiI",1,0.5,0,1,0,0,0
"ECB_01998",1,0.5,0,1,0,0,0
"ccmF",1,0.5,0,1,0,0,0
"ygbK",1,0.5,0,1,0,0,0
"b4479.b4403",1,0.5,0,1,0,0,0
"btuE",1,0.5,0,1,0,0,0
"ydiP.ydiQ",1,0.5,0,1,0,0,0
"bax",1,0.5,0,1,0,0,0
"ascG",1,0.5,0,1,0,0,0
"yegP",1,0.5,0,1,0,0,0
"fimG",1,0.5,0,1,0,0,0
"ECB_02000",1,0.5,0,1,0,0,0
"nikC",1,0.5,0,1,0,0,0
"avtA",1,0.5,0,1,0,0,0
"nikR",1,0.5,0,1,0,0,0
"yjjV",1,0.5,0,1,0,0,0
"ysaA",1,0.5,0,1,0,0,0
"dsdX",1,0.5,0,1,0,0,0
"ygdL",1,0.5,0,1,0,0,0
"ada",1,0.5,0,1,0,0,0
"ilvD",1,0.5,0,1,0,0,0
"yiaJ",1,0.5,0,1,0,0,0
"ydiH",1,0.5,0,1,0,0,0
"yfcF",1,0.5,0,1,0,0,0
"yceE",1,0.5,0,1,0,0,0
"uspA.dtpB",1,0.5,0,1,0,0,0
"ECB_02004",1,0.5,0,1,0,0,0
"dedD",1,0.5,0,1,0,0,0
"gshA",1,0.5,0,1,0,0,0
"yiaL",1,0.5,0,1,0,0,0
"ECB_02005",1,0.5,0,1,0,0,0
"flk",1,0.5,0,1,0,0,0
"ydhK",1,0.5,0,1,0,0,0
"ECB_02006",1,0.5,0,1,0,0,0
"yeeP",1,0.5,0,1,0,0,0
"waaY",1,0.5,0,1,0,0,0
"yoaE",1,0.5,0,1,0,0,0
"yeeS",1,0.5,0,1,0,0,0
"ECB_02007",1,0.5,0,1,0,0,0
"hycD",1,0.5,0,1,0,0,0
"yfcO",1,0.5,0,1,0,0,0
"murP",1,0.5,0,1,0,0,0
"ygcQ",1,0.5,0,1,0,0,0
"xanP",1,0.5,0,1,0,0,0
"yiaO",1,0.5,0,1,0,0,0
"lyxK",1,0.5,0,1,0,0,0
"ECB_02009",1,0.5,0,1,0,0,0
"ECB_02802",1,0.5,0,1,0,0,0
"ECB_02010",1,0.5,0,1,0,0,0
"hycA",1,0.5,0,1,0,0,0
"yafZ",1,0.5,0,1,0,0,0
"ydiN",1,0.5,0,1,0,0,0
"yigG",1,0.5,0,1,0,0,0
"ypfG",0.96,0.5,0,0.96,0,0,0
"ECB_02011",1,0.5,0,1,0,0,0
"yffI",1,0.5,0,1,0,0,0
"rXA",1,0.5,0,1,0,0,0
"ppdB",1,0.5,0,1,0,0,0
"sgbE",1,0.5,0,1,0,0,0
"ECB_02012",1,0.5,0,1,0,0,0
"celF.celD",1,0.5,0,1,0,0,0
"argH",1,0.5,0,1,0,0,0
"yeeT",1,0.5,0,1,0,0,0
"lamB.malM",1,0.5,0,1,0,0,0
"ygcR",1,0.5,0,1,0,0,0
"nrfA",1,0.5,0,1,0,0,0
"yeeV",1,0.5,0,1,0,0,0
"ydiP",1,0.5,0,1,0,0,0
"ygcS",1,0.5,0,1,0,0,0
"cheZ",1,0.5,0,1,0,0,0
"fecB",1,0.5,0,1,0,0,0
"yeaW",1,0.5,0,1,0,0,0
"speG",1,0.5,0,1,0,0,0
"yeeW",1,0.5,0,1,0,0,0
"yecI",1,0.5,0,1,0,0,0
"fecR",1,0.5,0,1,0,0,0
"glcB",1,0.5,0,1,0,0,0
"ECB_02810",1,0.5,0,1,0,0,0
"uxuA",1,0.5,0,1,0,0,0
"ynfH",1,0.5,0,1,0,0,0
"yfjM.rnlA",1,0.5,0,1,0,0,0
"ECB_02811",1,0.5,0,1,0,0,0
"yjiR",1,0.5,0,1,0,0,0
"pphB",1,0.5,0,1,0,0,0
"ECB_02812",1,0.5,0,1,0,0,0
"csiD",1,0.5,0,1,0,0,0
"yehR",1,0.5,0,1,0,0,0
"yqcE",1,0.5,0,1,0,0,0
"yfjR",1,0.5,0,1,0,0,0
"ECB_02813",1,0.5,0,1,0,0,0
"yehV",1,0.5,0,1,0,0,0
"kefF",1,0.5,0,1,0,0,0
"gudP",1,0.5,0,1,0,0,0
"ECB_02814",1,0.5,0,1,0,0,0
"qmcA",1,0.5,0,1,0,0,0
"lhgO",1,0.5,0,1,0,0,0
"ECB_02815",1,0.5,0,1,0,0,0
"ydiA",1,0.5,0,1,0,0,0
"ybcJ",1,0.5,0,1,0,0,0
"zwf",1,0.5,0,1,0,0,0
"agaC",1,0.5,0,1,0,0,0
"yebA",1,0.5,0,1,0,0,0
"ydjF",1,0.5,0,1,0,0,0
"prfB",1,0.5,0,1,0,0,0
"yebC",1,0.5,0,1,0,0,0
"yeaD",1,0.5,0,1,0,0,0
"livH",1,0.5,0,1,0,0,0
"yggJ",1,0.5,0,1,0,0,0
"ygjK",1,0.5,0,1,0,0,0
"yeaK",1,0.5,0,1,0,0,0
"ygjO",1,0.5,0,1,0,0,0
"ybeX",1,0.5,0,1,0,0,0
"ECB_02838",1,0.5,0,1,0,0,0
"rpsE.1",1,0.5,0,1,0,0,0
"plsC",1,0.5,0,1,0,0,0
"kbaZ",1,0.5,0,1,0,0,0
"ECB_02817",1,0.5,0,1,0,0,0
"glcF",1,0.5,0,1,0,0,0
"yfaS",1,0.5,0,1,0,0,0
"gspD",1,0.5,0,1,0,0,0
"trkA",1,0.5,0,1,0,0,0
"yghU",1,0.5,0,1,0,0,0
"uvrY",1,0.5,0,1,0,0,0
"pabA",1,0.5,0,1,0,0,0
"ptsN",1,0.5,0,1,0,0,0
"ECB_02819",1,0.5,0,1,0,0,0
"yeeT.yeeU",1,0.5,0,1,0,0,0
"ybgF",1,0.5,0,1,0,0,0
"aphA",1,0.5,0,1,0,0,0
"ECB_02820",1,0.5,0,1,0,0,0
"yjiW",1,0.5,0,1,0,0,0
"yfbW",1,0.5,0,1,0,0,0
"leuO",1,0.5,0,1,0,0,0
"acpT",1,0.5,0,1,0,0,0
"hsdS",1,0.5,0,1,0,0,0
"uhpT",1,0.5,0,1,0,0,0
"ECB_02822",1,0.5,0,1,0,0,0
"ECB_02851",1,0.5,0,1,0,0,0
"ycaD",1,0.5,0,1,0,0,0
"insB.22",1,0.5,0,1,0,0,0
"yqiK.rfaE",1,0.5,0,1,0,0,0
"dacD",1,0.5,0,1,0,0,0
"dgoD",1,0.5,0,1,0,0,0
"insA.22",1,0.5,0,1,0,0,0
"yhfS",1,0.5,0,1,0,0,0
"ECB_02825",1,0.5,0,1,0,0,0
"ygjH",1,0.5,0,1,0,0,0
"yifB",1,0.5,0,1,0,0,0
"trmH",1,0.5,0,1,0,0,0
"ECB_02826",1,0.5,0,1,0,0,0
"folP.1",1,0.5,0,1,0,0,0
"yibL",1,0.5,0,1,0,0,0
"ECB_02827",1,0.5,0,1,0,0,0
"acrF",1,0.5,0,1,0,0,0
"secB",1,0.5,0,1,0,0,0
"yiiE",1,0.5,0,1,0,0,0
"ECB_02828",1,0.5,0,1,0,0,0
"insI",1,0.5,0,1,0,0,0
"yghD",1,0.5,0,1,0,0,0
"yghE",1,0.5,0,1,0,0,0
"yrbK",1,0.5,0,1,0,0,0
"exuT",1,0.5,0,1,0,0,0
"ECB_02831",1,0.5,0,1,0,0,0
"hyfR",1,0.5,0,1,0,0,0
"yhfG",1,0.5,0,1,0,0,0
"ECB_02833",1,0.5,0,1,0,0,0
"yddG",1,0.5,0,1,0,0,0
"fimC",1,0.5,0,1,0,0,0
"ECB_02834",1,0.5,0,1,0,0,0
"nuoJ",1,0.5,0,1,0,0,0
"yjjG.prfC",1,0.5,0,1,0,0,0
"ECB_02835",1,0.5,0,1,0,0,0
"gntR",1,0.5,0,1,0,0,0
"degQ",1,0.5,0,1,0,0,0
"eutC",1,0.5,0,1,0,0,0
"ECB_02836",1,0.5,0,1,0,0,0
"yhdY",1,0.5,0,1,0,0,0
"yejE",1,0.5,0,1,0,0,0
"thiH",1,0.5,0,1,0,0,0
"pheA",1,0.5,0,1,0,0,0
"ygaU",1,0.5,0,1,0,0,0
"purH",1,0.5,0,1,0,0,0
"mtr",1,0.5,0,1,0,0,0
"malE",1,0.5,0,1,0,0,0
"acrD",1,0.5,0,1,0,0,0
"aidB",1,0.5,0,1,0,0,0
"celF",1,0.5,0,1,0,0,0
"ECB_03460",1,0.5,0,1,0,0,0
"hcaR",1,0.5,0,1,0,0,0
"cysD.iap",1,0.5,0,1,0,0,0
"glpC",1,0.5,0,1,0,0,0
"basS",1,0.5,0,1,0,0,0
"yjhQ",1,0.5,0,1,0,0,0
"psd",1,0.5,0,1,0,0,0
"ygcM",1,0.5,0,1,0,0,0
"gspA",1,0.5,0,1,0,0,0
"uxuR",1,0.5,0,1,0,0,0
"adiA",1,0.5,0,1,0,0,0
"dcuS",1,0.5,0,1,0,0,0
"bglG",1,0.5,0,1,0,0,0
"glvG",1,0.5,0,1,0,0,0
"ygeD",1,0.5,0,1,0,0,0
"ubiH",1,0.5,0,1,0,0,0
"grpE",1,0.5,0,1,0,0,0
"yieC",1,0.5,0,1,0,0,0
"ydjR",1,0.5,0,1,0,0,0
"accD",1,0.5,0,1,0,0,0
"sgcR",1,0.5,0,1,0,0,0
"astE",1,0.5,0,1,0,0,0
"rffG",1,0.5,0,1,0,0,0
"sgcE",1,0.5,0,1,0,0,0
"gcvH.gcvT",1,0.5,0,1,0,0,0
"topB",1,0.5,0,1,0,0,0
"ygfI",1,0.5,0,1,0,0,0
"panF",1,0.5,0,1,0,0,0
"astD",1,0.5,0,1,0,0,0
"sgcQ",1,0.5,0,1,0,0,0
"sgcC",1,0.5,0,1,0,0,0
"sgcB",1,0.5,0,1,0,0,0
"yhfK",1,0.5,0,1,0,0,0
"rtcR",1,0.5,0,1,0,0,0
"fimB",1,0.5,0,1,0,0,0
"ECB_04174",1,0.5,0,1,0,0,0
"glcD",1,0.5,0,1,0,0,0
"yecR",1,0.5,0,1,0,0,0
"ECB_02855",1,0.5,0,1,0,0,0
"fimI",1,0.5,0,1,0,0,0
"yjhS",1,0.5,0,1,0,0,0
"ugpQ",1,0.5,0,1,0,0,0
"yjhT",1,0.5,0,1,0,0,0
"ugpC",1,0.5,0,1,0,0,0
"yjbB",1,0.5,0,1,0,0,0
"fimF",1,0.5,0,1,0,0,0
"ugpE",1,0.5,0,1,0,0,0
"lysC.pgi",1,0.5,0,1,0,0,0
"ygiY",1,0.5,0,1,0,0,0
"insB.27",1,0.5,0,1,0,0,0
"malE.malK",1,0.5,0,1,0,0,0
"ugpB",1,0.5,0,1,0,0,0
"phnI",1,0.5,0,1,0,0,0
"insA.27",1,0.5,0,1,0,0,0
"yhhT",1,0.5,0,1,0,0,0
"gntP",1,0.5,0,1,0,0,0
"livF",1,0.5,0,1,0,0,0
"livG",1,0.5,0,1,0,0,0
"nikA",1,0.5,0,1,0,0,0
"livM",1,0.5,0,1,0,0,0
"nikB",1,0.5,0,1,0,0,0
"yrbG",1,0.5,0,1,0,0,0
"cca",1,0.5,0,1,0,0,0
"fumB",1,0.5,0,1,0,0,0
"yjiC",1,0.5,0,1,0,0,0
"livK",1,0.5,0,1,0,0,0
"yjiD",1,0.5,0,1,0,0,0
"yhhK",1,0.5,0,1,0,0,0
"nikE",1,0.5,0,1,0,0,0
"yihG",1,0.5,0,1,0,0,0
"yjiE",1,0.5,0,1,0,0,0
"tdcG.tdcF",1,0.5,0,1,0,0,0
"ygcE",1,0.5,0,1,0,0,0
"iadA",1,0.5,0,1,0,0,0
"yjiG",1,0.5,0,1,0,0,0
"yjiH",1,0.5,0,1,0,0,0
"rbfA.infB",1,0.5,0,1,0,0,0
"yhbH",1,0.5,0,1,0,0,0
"ydjH",1,0.5,0,1,0,0,0
"yhcC",1,0.5,0,1,0,0,0
"yjjP",1,0.5,0,1,0,0,0
"yjiL",1,0.5,0,1,0,0,0
"yhhM",1,0.5,0,1,0,0,0
"idnT.idnO",1,0.5,0,1,0,0,0
"rplE",1,0.5,0,1,0,0,0
"ECB_04148",1,0.5,0,1,0,0,0
"ulaA",1,0.5,0,1,0,0,0
"rplN",1,0.5,0,1,0,0,0
"yjiO",1,0.5,0,1,0,0,0
"yhbL",1,0.5,0,1,0,0,0
"sirA",1,0.5,0,1,0,0,0
"yhhQ",1,0.5,0,1,0,0,0
"acrE",1,0.5,0,1,0,0,0
"insA.28",1,0.5,0,1,0,0,0
"dcrB",1,0.5,0,1,0,0,0
"mdoB",1,0.5,0,1,0,0,0
"yheM",1,0.5,0,1,0,0,0
"insB.28",1,0.5,0,1,0,0,0
"yhhS",1,0.5,0,1,0,0,0
"rrfD",1,0.5,0,1,0,0,0
"fic",1,0.5,0,1,0,0,0
"nirB",1,0.5,0,1,0,0,0
"nanK",1,0.5,0,1,0,0,0
"gph",1,0.5,0,1,0,0,0
"dcuD",1,0.5,0,1,0,0,0
"rpe",1,0.5,0,1,0,0,0
"damX",1,0.5,0,1,0,0,0
"yhjQ",1,0.5,0,1,0,0,0
"mrcA",1,0.5,0,1,0,0,0
"yhiH",1,0.5,0,1,0,0,0
"degS",1,0.5,0,1,0,0,0
"yhgE",1,0.5,0,1,0,0,0
"yhiKL",1,0.5,0,1,0,0,0
"yicF",1,0.5,0,1,0,0,0
"rplR",1,0.5,0,1,0,0,0
"gspL",1,0.5,0,1,0,0,0
"yhfA",1,0.5,0,1,0,0,0
"yhgA",1,0.5,0,1,0,0,0
"yhiP",1,0.5,0,1,0,0,0
"yhiQ",1,0.5,0,1,0,0,0
"kdgK.yhjJ",1,0.5,0,1,0,0,0
"maf",1,0.5,0,1,0,0,0
"yidJ",1,0.5,0,1,0,0,0
"yibQ",1,0.5,0,1,0,0,0
"yhiF",1,0.5,0,1,0,0,0
"asd",1,0.5,0,1,0,0,0
"hdeA",1,0.5,0,1,0,0,0
"yhgN",1,0.5,0,1,0,0,0
"gntU",1,0.5,0,1,0,0,0
"yhiE",1,0.5,0,1,0,0,0
"znuC",1,0.5,0,1,0,0,0
"yhiU",1,0.5,0,1,0,0,0
"yhiV",1,0.5,0,1,0,0,0
"yhiW",1,0.5,0,1,0,0,0
"frvA",1,0.5,0,1,0,0,0
"gadX",1,0.5,0,1,0,0,0
"coaA",1,0.5,0,1,0,0,0
"amn",1,0.5,0,1,0,0,0
"yjeH.groES",1,0.5,0,1,0,0,0
"yjdP",1,0.5,0,1,0,0,0
"frdA",1,0.5,0,1,0,0,0
"hflC",1,0.5,0,1,0,0,0
"yhjN",1,0.5,0,1,0,0,0
"yhjO",1,0.5,0,1,0,0,0
"mpl",1,0.5,0,1,0,0,0
"yrdC",1,0.5,0,1,0,0,0
"smg",1,0.5,0,1,0,0,0
"lasT",1,0.5,0,1,0,0,0
"creC",1,0.5,0,1,0,0,0
"pckA",1,0.5,0,1,0,0,0
"gapC",1,0.5,0,1,0,0,0
"insA.12",1,0.5,0,1,0,0,0
"insB.12",1,0.5,0,1,0,0,0
"cybB",1,0.5,0,1,0,0,0
"ilvA",1,0.5,0,1,0,0,0
"fkpA",1,0.5,0,1,0,0,0
"trmA",1,0.5,0,1,0,0,0
"yhfV",1,0.5,0,1,0,0,0
"hslO",1,0.5,0,1,0,0,0
"ade",1,0.5,0,1,0,0,0
"ECB_03279",1,0.5,0,1,0,0,0
"aslB",1,0.5,0,1,0,0,0
"yigF",1,0.5,0,1,0,0,0
"rarD",1,0.5,0,1,0,0,0
"cspA",1,0.5,0,1,0,0,0
"phnK",1,0.5,0,1,0,0,0
"dcuB",1,0.5,0,1,0,0,0
"yjeK",1,0.5,0,1,0,0,0
"alsB",1,0.5,0,1,0,0,0
"rpiR",1,0.5,0,1,0,0,0
"rpiB",1,0.5,0,1,0,0,0
"phnP",1,0.5,0,1,0,0,0
"phnO",1,0.5,0,1,0,0,0
"phnN",1,0.5,0,1,0,0,0
"phnM",1,0.5,0,1,0,0,0
"yjfC",1,0.5,0,1,0,0,0
"phnL",1,0.5,0,1,0,0,0
"phnJ",1,0.5,0,1,0,0,0
"phnH",1,0.5,0,1,0,0,0
"phnG",1,0.5,0,1,0,0,0
"phnF",1,0.5,0,1,0,0,0
"phnE",1,0.5,0,1,0,0,0
"phnB",1,0.5,0,1,0,0,0
"phnA",1,0.5,0,1,0,0,0
"yjdA",1,0.5,0,1,0,0,0
"yjcZ",1,0.5,0,1,0,0,0
"basR",1,0.5,0,1,0,0,0
"yjdE",1,0.5,0,1,0,0,0
"melR",1,0.5,0,1,0,0,0
"melB",1,0.5,0,1,0,0,0
"yjdF",1,0.5,0,1,0,0,0
"AVERAGE",0.978638426626324,0.52117247616409,0.0235417717263406,0.979935840869867,0.0175155488317364,0.0190488197296064,0.018832510092664
"STD_DEV",0.0533174136216608,0.0934105644484276,0.148508189665231,0.0528715646902818,0.120376050401291,0.125446852596037,0.126108891100046
